"","STATION_KEY","F2014_REF","EcoT20_FURR","EMAP_REF_","BPJ_REF","YEAR_EST","Ref_Site20","Bug_RefMay","PREDATOR reference_model","AREA_HA","Map_Slope","M_Slp_sqt","Lithology","Lith_ER","Order","STATION_Num","temp_Cx10","precip_in","precip_mm","ECOREG04_","ECOREG04_I","ECO","LEVEL4","LEVEL4_NAM","LEVEL3","Eco_LEVEL3_NAM","LEVEL_2","W_E","Sub-Region (HUC 4)","Basin (HUC 6)","Sub-Basin (HUC 8)","Watershed (HUC 10)","Sub-Watershed (HUC 12)","HUC_12_ Code","OWNER_NAME","COUNTY_NAM","LOC_INFO","Elev_M"
"136","33336","Y",NA,NA,NA,0,NA,NA,NA,0,0,0,"mafic volcanic flow","R",0,33336,161,93,2362,89,981,"1d","1d","Volcanics",1,"Coast Range","MWCF","w","Oregon-Washington Coastal","Northern Oregon Coastal","Alsea","Tenmile Creek-Frontal Pacific Ocean","Tenmile Creek",171002050702,"USFS National Forest","LANE","16.00S12.00W 1",263.292356836
"171","11850","Y","Yes","OR","Yes_MM",1992,"Yes","Yes","MWCF",1366,1,1,"mafic volcanic flow","R",0,11850,161,83,2108,89,981,"1d","1d","Volcanics",1,"Coast Range","MWCF","w","Oregon-Washington Coastal","Northern Oregon Coastal","Alsea","Tenmile Creek-Frontal Pacific Ocean","Cape Creek-Frontal Pacific Ocean",171002050703,"USFS National Forest","LANE","16.00S12.00W11",47.0678293579
"191","12091","Y",NA,NA,"Yes_MM",1993,NA,NA,NA,0,0,1,"sandstone","E",0,12091,164,101,2565,188,1107,"78f","78f","Coastal Siskiyous",78,"Klamath Mountains","WC","w","Klamath-Northern California Co","Northern California Coastal","Smith","North Fork Smith River","Upper North Fork Smith River",180101010101,"USFS National Forest","CURRY","40.00S11.00W34",371.509230469
"192","12092","Y","Yes","OR","Yes_MM",1993,"Yes",NA,NA,784,17,4,"conglomerate","E",0,12092,187,99,2515,188,1107,"78f","78f","Coastal Siskiyous",78,"Klamath Mountains","WC","w","Oregon-Washington Coastal","Southern Oregon Coastal","Illinois","Lawson Creek-Illinois River","Fall Creek-Illinois River",171003111102,"USFS National Forest","CURRY","36.00S12.00W13",390.599004785
"195","12095","Y","Yes","OR","Yes_MM",1993,"Yes",NA,NA,3359,1,1,"sandstone","E",0,12095,163,89,2261,188,1107,"78f","78f","Coastal Siskiyous",78,"Klamath Mountains","WC","w","Oregon-Washington Coastal","Southern Oregon Coastal","Chetco","Winchuck River","East Fork Winchuck River",171003120201,"Private","CURRY","40.00S12.00W35",72.1582094971
"302","12521","Y","Yes","OR","Yes_MM",1995,NA,NA,NA,127,6,3,"sandstone","E",1,12521,165,89,2261,72,962,"1g","1g","Mid-Coastal Sedimentary",1,"Coast Range","MWCF","w","Oregon-Washington Coastal","Northern Oregon Coastal","Siuslaw","Lower Siuslaw River","Bernhardt Creek-Siuslaw River",171002060804,"USFS National Forest","LANE","18.00S11.00W35",60.7497151611
"333","17048","Y","Yes","OR",NA,1998,"Yes",NA,NA,1675,2,1,"calc-alkaline volcanoclastic","R",0,17048,125,95,2413,36,758,"4a","4a","Western Cascades Lowlands and Valleys",4,"Cascades","WC","w","Willamette","Willamette","Clackamas","Eagle Creek","Upper Eagle Creek",170900110501,"O & C Lands USFS","CLACKAMAS","3.00S 6.00E35",677.789028516
"373","23924","Y",NA,NA,NA,2000,"Yes","Yes",NA,1115,5,2,"calc-alkaline volcanoclastic","R",0,23924,149,61,1549,36,758,"4a","4a","Western Cascades Lowlands and Valleys",4,"Cascades","WC","w","Willamette","Willamette","Coast Fork Willamette","Row River","Sharps Creek",170900020203,"USFS National Forest","LANE","23.00S 1.00E 8",583.439773535
"421","13200","Y","Yes","OR",NA,1998,"Yes",NA,NA,250,16,4,"calc-alkaline volcanoclastic","R",0,13200,132,85,2159,36,758,"4a","4a","Western Cascades Lowlands and Valleys",4,"Cascades","WC","w","Lower Columbia","Lower Columbia","Lower Columbia-Sandy","Salmon River","Lower Salmon River",170800010304,"USFS National Forest","CLACKAMAS","3.00S 7.00E22",599.21362002
"435","13215","Y","YesLC?","OR",NA,1998,"Yes",NA,NA,164,5,2,"mafic volcanic flow","R",0,13215,145,91,2311,36,758,"4a","4a","Western Cascades Lowlands and Valleys",4,"Cascades","WC","w","Lower Columbia","Lower Columbia","Lower Columbia-Sandy","Bull Run River","Lower Bull Run River",170800010506,"USFS National Forest","MULTNOMAH","1.00S 6.00E22",614.472781641
"438","13218","Y","Yes","OR",NA,1998,"Yes",NA,NA,9,43,7,"calc-alkaline volcanoclastic","R",0,13218,165,145,3683,205,1124,"78d","78d","Serpentine Siskiyous",78,"Klamath Mountains","WC","w","Oregon-Washington Coastal","Southern Oregon Coastal","Illinois","Josephine Creek-Illinois River","Rancherie Creek-Illinois River",171003110604,"USFS National Forest","JOSEPHINE","38.00S 9.00W20",1163.35254375
"446","13226","Y","Yes","OR",NA,1998,"Yes",NA,NA,1425,2,1,"mafic volcanic flow","R",0,13226,160,81,2057,89,981,"1d","1d","Volcanics",1,"Coast Range","MWCF","w","Oregon-Washington Coastal","Northern Oregon Coastal","Alsea","Tenmile Creek-Frontal Pacific Ocean","Cummins Creek-Frontal Pacific Ocean",171002050701,"USFS National Forest","LANE","15.00S12.00W23",33.2980582214
"447","13227","Y","Yes","OR",NA,1998,"Yes",NA,NA,740,3,2,"shale and mudstone","E",0,13227,171,125,3175,172,1089,"1h","1h","Southern Oregon Coastal Mountains",1,"Coast Range","MWCF","w","Oregon-Washington Coastal","Southern Oregon Coastal","Sixes","Elk River","Upper Elk River",171003060301,"USFS National Forest","CURRY","33.00S14.00W13",127.02608833
"449","13229","Y","Yes","OR","Yes_MM",1998,"Yes",NA,NA,51,18,4,"ultramafic","R",0,13229,179,125,3175,188,1107,"78f","78f","Coastal Siskiyous",78,"Klamath Mountains","WC","w","Oregon-Washington Coastal","Southern Oregon Coastal","Illinois","Lawson Creek-Illinois River","Lawson Creek",171003111101,"USFS National Forest","CURRY","36.00S12.00W30",797.160793359
"450","13230","Y","Yes","OR",NA,1998,"Yes",NA,NA,92,17,4,"sandstone","E",0,13230,185,89,2261,188,1107,"78f","78f","Coastal Siskiyous",78,"Klamath Mountains","WC","w","Oregon-Washington Coastal","Southern Oregon Coastal","Lower Rogue","Stair Creek-Rogue River","Blossom Bar-Rogue River",171003100502,"USFS National Forest","CURRY","34.00S11.00W 9",124.706564795
"451","13231","Y","Yes","OR",NA,1998,"Yes","Yes","WCCP",240,14,4,"calc-alkaline volcanoclastic","R",0,13231,125,79,2007,61,956,"4b","4b","Western Cascades Montane Highlands",4,"Cascades","WC","w","Lower Columbia","Lower Columbia","Lower Columbia-Sandy","Salmon River","Middle Salmon River",170800010303,"USFS National Forest","CLACKAMAS","3.00S 7.00E35",530.767751367
"462","13244","Y",NA,NA,NA,1998,"Yes","Yes","WCCP",1128,3,2,"calc-alkaline volcanoclastic","R",0,13244,157,65,1651,36,758,"4a","4a","Western Cascades Lowlands and Valleys",4,"Cascades","WC","w","Oregon-Washington Coastal","Southern Oregon Coastal","North Umpqua","Canton Creek","Upper Canton Creek",171003010601,"USFS National Forest","LANE","24.00S 1.00E18",659.190200977
"521","21814","Y","Yes","OR",NA,1999,"Yes","Yes","WCCP",2629,3,2,"ultramafic","R",0,21814,166,135,3429,205,1124,"78d","78d","Serpentine Siskiyous",78,"Klamath Mountains","WC","w","Oregon-Washington Coastal","Southern Oregon Coastal","Chetco","Chetco River","Little Chetco River-Chetco River",171003120101,"USFS National Forest","CURRY","39.00S10.00W17",622.531266504
"527","21821","Y","Yes","OR",NA,1999,"Yes","Yes",NA,3077,4,2,"mafic intrusive","R",0,21821,132,81,2057,36,758,"4a","4a","Western Cascades Lowlands and Valleys",4,"Cascades","WC","w","Lower Columbia","Lower Columbia","Lower Columbia-Sandy","Salmon River","Middle Salmon River",170800010303,"USFS National Forest","CLACKAMAS","3.00S 7.00E33",512.673637207
"553","21847","Y","Yes","OR",NA,1999,"Yes","Yes","WCCP",3343,1,1,"sandstone","E",0,21847,163,89,2261,188,1107,"78f","78f","Coastal Siskiyous",78,"Klamath Mountains","WC","w","Oregon-Washington Coastal","Southern Oregon Coastal","Chetco","Winchuck River","East Fork Winchuck River",171003120201,"USFS National Forest","CURRY","40.00S12.00W35",72.5527575073
"554","21848","Y",NA,NA,"Yes_MM",1999,"Yes","Yes",NA,4459,2,1,"sandstone","E",0,21848,164,103,2616,188,1107,"78f","78f","Coastal Siskiyous",78,"Klamath Mountains","WC","w","Klamath-Northern California Co","Northern California Coastal","Smith","North Fork Smith River","Upper North Fork Smith River",180101010101,"USFS National Forest","CURRY","40.00S11.00W34",375.218771484
"557","21851","Y",NA,NA,NA,1999,"Yes",NA,NA,457,18,4,"ultramafic","R",0,21851,172,89,2261,177,1096,"78e","78e","Inland Siskiyous",78,"Klamath Mountains","WC","w","Oregon-Washington Coastal","Southern Oregon Coastal","Illinois","Klondike Creek-Illinois River","Florence Creek-Illinois River",171003110801,"USFS National Forest","JOSEPHINE","37.00S 9.00W 6",294.382607959
"561","21855","Y","Yes","OR",NA,1999,"Yes","Yes","WCCP",276,16,4,"landslide","E",0,21855,130,89,2261,36,758,"4a","4a","Western Cascades Lowlands and Valleys",4,"Cascades","WC","w","Willamette","Willamette","South Santiam","Headwaters Middle Santiam River","Donaca Creek-Middle Santiam River",170900060103,"USFS National Forest","LINN","12.00S 5.00E22",622.969230469
"563","21857","Y","Yes","OR",NA,1999,"Yes","Yes","WCCP",477,15,4,"alluvium","E",0,21857,139,75,1905,70,961,"4b","4b","Western Cascades Montane Highlands",4,"Cascades","WC","w","Willamette","Willamette","McKenzie","Horse Creek","Middle Horse Creek",170900040104,"USFS National Forest","LANE","17.00S 6.50E 9",669.449593359
"570","21864","Y","Yes","OR",NA,1999,"Yes","Yes","WCCP",251,10,3,"calc-alkaline volcanoclastic","R",0,21864,132,79,2007,70,961,"4b","4b","Western Cascades Montane Highlands",4,"Cascades","WC","w","Willamette","Willamette","North Santiam","Breitenbush River","South Fork Breitenbush River",170900050101,"USFS National Forest","MARION","10.00S 7.00E 1",928.26877207
"571","21865","Y",NA,NA,NA,1999,NA,"Yes","WCCP",5340,3,2,"mafic volcanic flow","R",0,21865,129,93,2362,36,758,"4a","4a","Western Cascades Lowlands and Valleys",4,"Cascades","WC","w","Middle Columbia","Middle Columbia","Middle Columbia-Hood","Eagle Creek-Columbia River","Eagle Creek",170701051203,"USFS National Forest","HOOD RIVER","1.00N 8.00E 6",237.748241602
"574","21868","Y","Yes","OR",NA,1999,"Yes","Yes","WCCP",1691,4,2,"alluvium","E",0,21868,128,83,2108,70,961,"4b","4b","Western Cascades Montane Highlands",4,"Cascades","WC","w","Willamette","Willamette","Clackamas","Collawash River","Elk Lake Creek",170900110104,"USFS National Forest","MARION","8.00S 6.00E28",864.164852344
"582","21876","Y",NA,NA,NA,1999,"Yes","Yes","WCCP",2104,5,2,"calc-alkaline volcanoclastic","R",0,21876,100,85,2159,53,947,"4c","4c","Cascade Crest Montane Forest",4,"Cascades","WC","w","Middle Columbia","Middle Columbia","Middle Columbia-Hood","East Fork Hood River","Middle East Fork Hood River",170701050502,"USFS National Forest","HOOD RIVER","2.00S10.00E18",1104.36124219
"584","21878","Y",NA,NA,NA,1999,NA,"Yes",NA,221,15,4,"calc-alkaline volcanoclastic","R",0,21878,151,69,1753,36,758,"4a","4a","Western Cascades Lowlands and Valleys",4,"Cascades","WC","w","Willamette","Willamette","Coast Fork Willamette","Row River","Sharps Creek",170900020203,"O & C Lands USFS","LANE","23.00S 1.00E29",752.617279688
"587","21881","Y","Yes","OR",NA,1999,"Yes","Yes","WCCP",519,8,3,"calc-alkaline volcanoclastic","R",0,21881,160,49,1245,36,758,"4a","4a","Western Cascades Lowlands and Valleys",4,"Cascades","WC","w","Willamette","Willamette","Middle Fork Willamette","Hills Creek Reservoir-Middle Fork Willamette River","Gray Creek-Middle Fork Willamette River",170900010505,"USFS National Forest","LANE","21.00S 3.00E17",362.867711426
"590","21884","Y","Yes","OR",NA,1999,"Yes","Yes","WCCP",1700,13,4,"mafic volcanic flow","R",0,21884,114,67,1702,128,1030,"4b","4b","Western Cascades Montane Highlands",4,"Cascades","WC","w","Willamette","Willamette","Middle Fork Willamette","Salmon Creek","Black Creek",170900010401,"USFS National Forest","LANE","21.00S 5.50E35",1071.14414414
"593","22946","Y","Yes","OR",NA,1999,"Yes","Yes","WCCP",1976,6,2,"landslide","E",0,22946,127,83,2108,36,758,"4a","4a","Western Cascades Lowlands and Valleys",4,"Cascades","WC","w","Willamette","Willamette","Clackamas","Collawash River","Happy Creek-Collawash River",170900110106,"USFS National Forest","CLACKAMAS","7.00S 6.00E27",761.727123633
"608","23819","Y","Yes",NA,NA,2000,NA,"yes","MWCF",1660,2,1,"mafic volcanic flow","R",0,23819,132,99,2515,21,893,"1d","1d","Volcanics",1,"Coast Range","MWCF","w","Oregon-Washington Coastal","Northern Oregon Coastal","Wilson-Trask-Nestucca","Trask River","North Fork of Trask River",171002030402,"State Lands","TILLAMOOK","1.00S 7.00W24",258.501095801
"618","23830","Y","Yes","OR",NA,2000,"Yes","Yes",NA,66,17,4,"sandstone","E",1,23830,181,73,1854,172,1089,"1h","1h","Southern Oregon Coastal Mountains",1,"Coast Range","MWCF","w","Oregon-Washington Coastal","Southern Oregon Coastal","Coquille","South Fork Coquille River","Salmon Creek",171003050206,"O & C Lands USFS","COOS","32.00S12.00W 3",306.388647217
"630","23843","Y","Yes","OR","Yes_MM",2000,"Yes","Yes","WCCP",82,34,6,"argillite and slate","E",0,23843,131,51,1295,177,1096,"78e","78e","Inland Siskiyous",78,"Klamath Mountains","WC","w","Oregon-Washington Coastal","Southern Oregon Coastal","Applegate","Headwaters Applegate River","Steve Fork Carberry Creek",171003090106,"USFS National Forest","JOSEPHINE","40.00S 5.00W24",1086.76454883
"631","23844","Y",NA,NA,NA,2000,NA,NA,NA,254,0,6,NA,NA,0,23844,0,0,0,0,0,NA,NA,NA,0,NA,NA,NA,"Oregon-Washington Coastal","Southern Oregon Coastal","Applegate","Headwaters Applegate River","Dutch Creek-Elliott Creek",171003090103,NA,NA,NA,-3047.6952
"643","23856","Y","Yes","OR",NA,2000,"Yes","Yes","WCCP",127,29,5,"calc-alkaline volcanoclastic","R",0,23856,143,73,1854,70,961,"4b","4b","Western Cascades Montane Highlands",4,"Cascades","WC","w","Willamette","Willamette","McKenzie","South Fork McKenzie River","Rebel Creek-South Fork McKenzie River",170900040304,"USFS National Forest","LANE","18.00S 5.00E12",955.612219336
"644","23857","Y",NA,NA,NA,2000,NA,NA,NA,257,17,4,"calc-alkaline volcanoclastic","R",1,23857,146,69,1753,145,1055,"4b","4b","Western Cascades Montane Highlands",4,"Cascades","WC","w","Willamette","Willamette","Coast Fork Willamette","Row River","Brice Creek",170900020202,"USFS National Forest","LANE","22.00S 1.00E34",851.740903711
"656","23900","Y","Yes","OR",NA,2000,"Yes","Yes","WCCP",502,12,3,"calc-alkaline volcanoclastic","R",0,23900,162,57,1448,36,758,"4a","4a","Western Cascades Lowlands and Valleys",4,"Cascades","WC","w","Willamette","Willamette","Middle Fork Willamette","Lookout Point Reservoir-Middle Fork Willamette River","Dexter Reservoir-Middle Fork Willamette River",170900010703,"USFS National Forest","LANE","20.00S 1.00E15",387.000415137
"657","23901","Y",NA,NA,NA,2000,"Yes","Yes","WCCP",1175,8,3,"mafic volcanic flow","R",0,23901,115,77,1956,61,956,"4b","4b","Western Cascades Montane Highlands",4,"Cascades","WC","w","Lower Columbia","Lower Columbia","Lower Columbia-Sandy","Salmon River","Middle Salmon River",170800010303,"USFS National Forest","CLACKAMAS","4.00S 8.00E 7",702.779651953
"667","23925","Y","Yes","OR",NA,2000,"Yes","Yes","WCCP",2770,5,2,"glacial drift","E",0,23925,137,65,1651,128,1030,"4b","4b","Western Cascades Montane Highlands",4,"Cascades","WC","w","Willamette","Willamette","Middle Fork Willamette","North Fork Middle Fork Willamette River","Fisher Creek-North Fork Middle Fork Willamette River",170900010603,"USFS National Forest","LANE","20.00S 5.50E 4",828.312901172
"668","23926","Y","Yes","OR",NA,2000,"Yes","Yes","WCCP",7994,7,3,"calc-alkaline volcanoclastic","R",0,23926,148,71,1803,36,758,"4a","4a","Western Cascades Lowlands and Valleys",4,"Cascades","WC","w","Willamette","Willamette","McKenzie","South Fork McKenzie River","French Pete Creek",170900040305,"USFS National Forest","LANE","18.00S 5.00E 3",593.982162598
"671","24040","Y",NA,NA,NA,2000,NA,"Yes","WCCP",442,5,2,"mafic volcanic flow","R",0,24040,86,87,2210,53,947,"4c","4c","Cascade Crest Montane Forest",4,"Cascades","WC","w","Middle Columbia","Middle Columbia","Middle Columbia-Hood","East Fork Hood River","Middle East Fork Hood River",170701050502,"USFS National Forest","HOOD RIVER","2.00S 9.00E36",1476.53960391
"682","30331","Y",NA,NA,NA,2003,"Yes",NA,NA,400,11,3,"calc-alkaline volcanoclastic","R",1,30331,128,91,2311,61,956,"4b","4b","Western Cascades Montane Highlands",4,"Cascades","WC","w","Willamette","Willamette","Clackamas","Eagle Creek","Upper Eagle Creek",170900110501,"USFS National Forest","CLACKAMAS","4.00S 6.00E 9",881.549465625
"686","30339","Y","Yes_DLD",NA,NA,2003,"Yes","Yes","WCCP",1404,4,2,"calc-alkaline volcanoclastic","R",2,30339,113,81,2057,61,956,"4b","4b","Western Cascades Montane Highlands",4,"Cascades","WC","w","Willamette","Willamette","Clackamas","Middle Clackamas River","Roaring River",170900110402,"USFS National Forest","CLACKAMAS","4.00S 7.00E27",915.488975391
"688","30343","Y","Yes_DLD",NA,NA,2003,"Yes","Yes","WCCP",228,18,4,"calc-alkaline volcanoclastic","R",2,30343,100,125,3175,60,955,"4d","4d","Cascade Subalpine/Alpine",4,"Cascades","WC","w","Middle Columbia","Middle Columbia","Middle Columbia-Hood","East Fork Hood River","Middle East Fork Hood River",170701050502,"USFS National Forest","HOOD RIVER","2.00S 9.00E23",1684.30604766
"697","30354","Y",NA,NA,NA,2003,NA,NA,NA,325,4,2,"glacial drift","E",2,30354,120,109,2769,40,926,"4b","4b","Western Cascades Montane Highlands",4,"Cascades","WC","w","Lower Columbia","Lower Columbia","Lower Columbia-Sandy","Bull Run River","Little Sandy River",170800010505,"USFS National Forest","CLACKAMAS","2.00S 7.00E 9",869.701705078
"720","24044","Y","Yes","OR",NA,2000,"Yes","Yes","WCCP",2105,1,1,"calc-alkaline volcanoclastic","R",0,24044,112,87,2210,53,947,"4c","4c","Cascade Crest Montane Forest",4,"Cascades","WC","w","Middle Columbia","Deschutes","Lower Deschutes","Mill Creek","Upper Mill Creek",170703060401,"Indian Reservation","JEFFERSON","9.00S 8.50E14",1428.30009258
"747","24412","Y",NA,"EPA",NA,2000,"Yes","Yes","WCCP",914,16,4,"glacial drift","E",0,24412,131,65,1651,53,947,"4c","4c","Cascade Crest Montane Forest",4,"Cascades","WC","w","Willamette","Willamette","Middle Fork Willamette","Headwaters Middle Fork Willamette River","Swift Creek",170900010104,"USFS National Forest","LANE","23.00S 5.00E27",1375.61047148
"751","24416","Y",NA,NA,NA,2000,NA,"Yes",NA,89,19,4,"calc-alkaline volcanoclastic","R",0,24416,68,107,2718,60,955,"4d","4d","Cascade Subalpine/Alpine",4,"Cascades","WC","w","Lower Columbia","Lower Columbia","Lower Columbia-Sandy","Zigzag River","Zigzag Canyon",170800010202,"USFS National Forest","CLACKAMAS","3.00S 8.50E12",1662.07707891
"784","24452","Y","Yes","OR",NA,2000,"Yes","yes",NA,218,26,5,"calc-alkaline volcanoclastic","R",0,24452,134,81,2057,36,758,"4a","4a","Western Cascades Lowlands and Valleys",4,"Cascades","WC","w","Willamette","Willamette","South Santiam","South Santiam River","Sheep Creek-South Santiam River",170900060202,"USFS National Forest","LINN","13.00S 5.00E31",584.801216016
"785","24453","Y","Yes",NA,NA,2000,NA,"Yes","WCCP",2737,2,1,"calc-alkaline volcanoclastic","R",0,24453,128,97,2464,70,961,"4b","4b","Western Cascades Montane Highlands",4,"Cascades","WC","w","Willamette","Willamette","North Santiam","Little North Santiam River","Opal Creek",170900050501,"USFS National Forest","MARION","8.00S 5.00E28",631.600071094
"786","24454","Y",NA,NA,NA,2000,"Yes","Yes",NA,311,7,3,"calc-alkaline volcanoclastic","R",0,24454,108,103,2616,53,947,"4c","4c","Cascade Crest Montane Forest",4,"Cascades","WC","w","Middle Columbia","Middle Columbia","Middle Columbia-Hood","East Fork Hood River","Upper Middle Fork Hood River",170701050504,"USFS National Forest","HOOD RIVER","1.00S 9.00E33",1089.04675371
"787","24455","Y","Yes","OR",NA,2000,"Yes","Yes","WCCP",1002,3,2,"mafic volcanic flow","R",0,24455,110,91,2311,36,758,"4a","4a","Western Cascades Lowlands and Valleys",4,"Cascades","WC","w","Lower Columbia","Lower Columbia","Lower Columbia-Sandy","Zigzag River","Zigzag Canyon",170800010202,"USFS National Forest","CLACKAMAS","3.00S 8.00E16",773.093350781
"793","25273","Y","Yes","OR",NA,2001,"Yes","Yes",NA,252,35,6,"calc-alkaline volcanoclastic","R",1,25273,130,105,2667,70,961,"4b","4b","Western Cascades Montane Highlands",4,"Cascades","WC","w","Willamette","Willamette","South Santiam","Headwaters Middle Santiam River","Donaca Creek-Middle Santiam River",170900060103,"USFS National Forest","LINN","12.00S 5.00E 9",1096.35726563
"800","25284","Y",NA,NA,NA,2001,NA,"yes",NA,988,6,2,"glacial drift","E",2,25284,124,67,1702,128,1030,"4b","4b","Western Cascades Montane Highlands",4,"Cascades","WC","w","Willamette","Willamette","Middle Fork Willamette","Salmon Creek","Upper Salmon Creek",170900010402,"USFS National Forest","LANE","20.00S 5.50E28",1147.06605879
"840","25374","Y",NA,"EPA",NA,2001,"Yes","Yes","WCCP",83,21,5,"calc-alkaline volcanoclastic","R",1,25374,130,97,2464,70,961,"4b","4b","Western Cascades Montane Highlands",4,"Cascades","WC","w","Willamette","Willamette","North Santiam","Little North Santiam River","Headwaters Little North Santiam River",170900050502,"USFS National Forest","MARION","8.00S 4.00E23",730.297228125
"850","25386","Y","Yes","OR",NA,2001,"Maybe","yes","MWCF",119,4,2,"mafic volcanic flow","R",1,25386,148,145,3683,21,893,"1d","1d","Volcanics",1,"Coast Range","MWCF","w","Oregon-Washington Coastal","Northern Oregon Coastal","Nehalem","Lower Nehalem River","Cook Creek",171002020601,"State Lands","TILLAMOOK","3.00N 8.00W31",118.254335376
"901","26806","Y","Yes","OR",NA,1999,"Yes","Yes","WCCP",6478,2,1,"alluvium","E",0,26806,124,71,1803,128,1030,"4b","4b","Western Cascades Montane Highlands",4,"Cascades","WC","w","Willamette","Willamette","McKenzie","South Fork McKenzie River","Elk Creek-South Fork McKenzie River",170900040301,"USFS National Forest","LANE","18.00S 6.50E35",959.344456641
"921","26854","Y","Yes","OR",NA,2002,"Yes","Yes","WCCP",338,1,1,"mafic volcanic flow","R",0,26854,114,57,1448,145,1055,"4b","4b","Western Cascades Montane Highlands",4,"Cascades","WC","w","Oregon-Washington Coastal","Southern Oregon Coastal","North Umpqua","Fish Creek","Upper Fish Creek",171003010401,"USFS National Forest","DOUGLAS","28.00S 3.00E25",1511.49724688
"952","26929","Y","Yes","OR",NA,2002,"Yes","yes","WCCP",189,9,3,"felsic volcanic flow","R",0,26929,120,37,940,57,951,"9b","9b","Grand Fir Mixed Forest",9,"Eastern Cascades Slopes and Foothills","WC","e","Middle Columbia","Deschutes","Lower Deschutes","Tygh Creek","Lower Badger Creek",170703060804,"USFS National Forest","WASCO","3.00S11.00E20",1220.62852676
"963","26952","Y",NA,NA,NA,2002,"Yes","yes","WCCP",263,23,5,"alluvium","E",0,26952,134,71,1803,36,758,"4a","4a","Western Cascades Lowlands and Valleys",4,"Cascades","WC","w","Willamette","Willamette","McKenzie","South Fork McKenzie River","Augusta Creek-South Fork McKenzie River",170900040303,"USFS National Forest","LANE","19.00S 5.50E 3",858.334361719
"1008","29879","Y",NA,NA,NA,2003,NA,"yes","WCCP",72,31,6,"calc-alkaline volcanoclastic","R",1,29879,137,63,1600,53,947,"4c","4c","Cascade Crest Montane Forest",4,"Cascades","WC","w","Willamette","Willamette","Middle Fork Willamette","Salt Creek","Middle Salt Creek",170900010302,"USFS National Forest","LANE","22.00S 5.00E35",1456.05266836
"1077","30621","Y","Yes","OR",NA,2003,NA,"Yes","MWCF",572,6,2,"mafic volcanic flow","R",0,30621,141,117,2972,15,873,"1f","1f","Willapa Hills",1,"Coast Range","MWCF","w","Lower Columbia","Lower Columbia","Lower Columbia","Big Creek-Frontal Columbia River","Big Creek",170800060102,"Private","CLATSOP","7.00N 7.00W27",311.876944775
"1079","30623","Y","YesLC?","OR",NA,2003,"Yes","Yes","WCCP",424,10,3,"mafic intrusive","R",0,30623,122,77,1956,70,961,"4b","4b","Western Cascades Montane Highlands",4,"Cascades","WC","w","Willamette","Willamette","Clackamas","Collawash River","Elk Lake Creek",170900110104,"USFS National Forest","MARION","8.00S 6.00E14",840.006252539
"1080","30624","Y","Yes","OR",NA,2003,NA,"yes","WCCP",648,4,2,"glacial drift","E",0,30624,122,101,2565,70,961,"4b","4b","Western Cascades Montane Highlands",4,"Cascades","WC","w","Willamette","Willamette","Clackamas","Collawash River","Upper Hot Springs Fork Collawash River",170900110101,"USFS National Forest","CLACKAMAS","8.00S 5.00E12",914.216941406
"1081","30625","Y","Yes","OR",NA,2003,"Yes","yes","WCCP",67,22,5,"calc-alkaline volcanoclastic","R",0,30625,123,91,2311,70,961,"4b","4b","Western Cascades Montane Highlands",4,"Cascades","WC","w","Willamette","Willamette","Clackamas","Collawash River","Upper Hot Springs Fork Collawash River",170900110101,"USFS National Forest","CLACKAMAS","7.00S 5.00E35",779.43826582
"1084","30628","Y","YesLC?","OR",NA,2003,NA,"Yes","WCCP",3382,9,3,"mafic volcanic flow","R",0,30628,147,75,1905,36,758,"4a","4a","Western Cascades Lowlands and Valleys",4,"Cascades","WC","w","Lower Columbia","Lower Columbia","Lower Columbia-Sandy","City of Washougal-Columbia River","Tanner Creek-Columbia River",170800010801,"State Lands","MULTNOMAH","2.00N 7.00E 0",44.959883606
"1085","30629","Y","YesLC?","OR",NA,2003,NA,"Yes","WCCP",4632,5,2,"landslide","E",0,30629,156,93,2362,36,758,"4a","4a","Western Cascades Lowlands and Valleys",4,"Cascades","WC","w","Middle Columbia","Middle Columbia","Middle Columbia-Hood","Eagle Creek-Columbia River","Herman Creek",170701051201,"USFS National Forest","HOOD RIVER","2.00N 8.00E 9",166.773466846
"1089","30727","Y",NA,NA,NA,2003,NA,NA,"MWCF",58,20,4,"mafic volcanic flow","R",0,30727,132,101,2565,21,893,"1d","1d","Volcanics",1,"Coast Range","MWCF","w","Oregon-Washington Coastal","Northern Oregon Coastal","Wilson-Trask-Nestucca","Trask River","North Fork of Trask River",171002030402,"State Lands","TILLAMOOK","1.00S 7.00W24",260.316464063
"1095","31354","Y","Yes_DLD",NA,NA,2004,NA,NA,NA,289,6,3,"calc-alkaline volcanoclastic","R",1,31354,124,99,2515,70,961,"4b","4b","Western Cascades Montane Highlands",4,"Cascades","WC","w","Willamette","Willamette","Clackamas","Collawash River","Upper Hot Springs Fork Collawash River",170900110101,"USFS National Forest","MARION","8.00S 5.00E14",918.776514258
"1108","31387","Y",NA,NA,NA,2004,NA,"yes","WCCP",6895,2,1,"calc-alkaline volcanoclastic","R",3,31387,122,75,1905,70,961,"4b","4b","Western Cascades Montane Highlands",4,"Cascades","WC","w","Willamette","Willamette","Clackamas","Collawash River","Elk Lake Creek",170900110104,"USFS National Forest","CLACKAMAS","8.00S 7.00E 7",717.979170703
"1121","31477","Y","Yes","OR",NA,2004,NA,"Yes","WCCP",275,17,4,"mafic volcanic flow","R",0,31477,153,71,1803,36,758,"4a","4a","Western Cascades Lowlands and Valleys",4,"Cascades","WC","w","Middle Columbia","Middle Columbia","Middle Columbia-Hood","Mosier Creek-Columbia River","Grays Creek-Columbia River",170701051106,"USFS National Forest","HOOD RIVER","2.00N 8.00E 1",105.7984073
"1124","31480","Y","Yes","OR",NA,2004,NA,"Yes","WCCP",241,10,3,"calc-alkaline volcanoclastic","R",0,31480,77,101,2565,53,947,"4c","4c","Cascade Crest Montane Forest",4,"Cascades","WC","w","Lower Columbia","Lower Columbia","Lower Columbia-Sandy","Upper Sandy River","Headwaters Sandy River",170800010101,"USFS National Forest","CLACKAMAS","2.00S 8.00E26",1046.41077012
"1129","31485","Y","Yes","OR",NA,2004,NA,"Yes","WCCP",463,9,3,"calc-alkaline volcanoclastic","R",0,31485,122,99,2515,36,758,"4a","4a","Western Cascades Lowlands and Valleys",4,"Cascades","WC","w","Lower Columbia","Lower Columbia","Lower Columbia-Sandy","Upper Sandy River","Headwaters Sandy River",170800010101,"USFS National Forest","CLACKAMAS","2.00S 8.00E20",780.327067383
"1151","31729","Y","Yes","OR",NA,2004,NA,"Yes","WCCP",6108,3,2,"calc-alkaline volcanoclastic","R",0,31729,154,49,1245,36,758,"4a","4a","Western Cascades Lowlands and Valleys",4,"Cascades","WC","w","Oregon-Washington Coastal","Southern Oregon Coastal","North Umpqua","Middle North Umpqua River","Boulder Creek",171003010801,"USFS National Forest","DOUGLAS","26.00S 3.00E 6",701.70436875
"1152","31730","Y","Yes","OR",NA,2004,NA,"Yes","WCCP",3664,0,1,"glacial drift","E",0,31730,112,69,1753,53,947,"4c","4c","Cascade Crest Montane Forest",4,"Cascades","WC","w","Willamette","Willamette","Middle Fork Willamette","Salt Creek","Upper Salt Creek",170900010301,"USFS National Forest","LANE","22.00S 6.00E29",1469.85111914
"1153","31803","Y","Yes","OR",NA,2004,NA,"Yes",NA,385,4,2,"lake sediment and playa","E",0,31803,113,105,2667,36,758,"4a","4a","Western Cascades Lowlands and Valleys",4,"Cascades","WC","w","Lower Columbia","Lower Columbia","Lower Columbia-Sandy","Upper Sandy River","Headwaters Sandy River",170800010101,"USFS National Forest","CLACKAMAS","2.00S 8.00E15",858.228098438
"1158","32149","Y",NA,NA,NA,2005,NA,NA,NA,7875,0,0,"calc-alkaline volcanoclastic","R",0,32149,163,47,1194,36,758,"4a","4a","Western Cascades Lowlands and Valleys",4,"Cascades","WC","w","Oregon-Washington Coastal","Southern Oregon Coastal","North Umpqua","Middle North Umpqua River","Boulder Creek",171003010801,"USFS National Forest","DOUGLAS","26.00S 2.00E13",495.408867773
"1170","32555","Y",NA,NA,NA,2005,NA,NA,NA,85,0,0,"mafic volcanic flow","R",0,32555,143,53,1346,145,1055,"4b","4b","Western Cascades Montane Highlands",4,"Cascades","WC","w","Oregon-Washington Coastal","Southern Oregon Coastal","North Umpqua","Middle North Umpqua River","Calf Creek",171003010804,"USFS National Forest","DOUGLAS","27.00S 2.00E 9",1537.67611406
"1171","32556","Y",NA,NA,NA,2005,NA,NA,NA,879,0,0,"mafic volcanic flow","R",0,32556,163,49,1245,36,758,"4a","4a","Western Cascades Lowlands and Valleys",4,"Cascades","WC","w","Oregon-Washington Coastal","Southern Oregon Coastal","North Umpqua","Middle North Umpqua River","Boulder Creek",171003010801,"USFS National Forest","DOUGLAS","26.00S 2.00E13",591.421277051
"1172","32576","Y",NA,NA,NA,2005,NA,NA,NA,410,0,0,"sandstone","E",0,32576,158,49,1245,177,1096,"78e","78e","Inland Siskiyous",78,"Klamath Mountains","WC","w","Oregon-Washington Coastal","Southern Oregon Coastal","Lower Rogue","Horseshoe Bend-Rogue River","Howard Creek-Rogue River",171003100402,"O & C Lands","JOSEPHINE","33.00S 8.00W32",255.80477666
"1173","32577","Y",NA,NA,NA,2005,NA,NA,NA,187,0,0,"calc-alkaline volcanoclastic","R",0,32577,158,43,1092,177,1096,"78e","78e","Inland Siskiyous",78,"Klamath Mountains","WC","w","Oregon-Washington Coastal","Southern Oregon Coastal","Lower Rogue","Horseshoe Bend-Rogue River","Howard Creek-Rogue River",171003100402,"O & C Lands","JOSEPHINE","33.00S 8.00W33",298.933530176
"1175","32585","Y",NA,NA,NA,2005,NA,NA,NA,267,0,0,"calc-alkaline intrusive","R",0,32585,172,75,1905,177,1096,"78e","78e","Inland Siskiyous",78,"Klamath Mountains","WC","w","Oregon-Washington Coastal","Southern Oregon Coastal","Illinois","Josephine Creek-Illinois River","Rancherie Creek-Illinois River",171003110604,"O & C Lands USFS","JOSEPHINE","37.00S 9.00W17",301.598074512
"1176","32586","Y",NA,NA,NA,2005,NA,NA,NA,224,0,0,"calc-alkaline intrusive","R",0,32586,172,73,1854,177,1096,"78e","78e","Inland Siskiyous",78,"Klamath Mountains","WC","w","Oregon-Washington Coastal","Southern Oregon Coastal","Illinois","Josephine Creek-Illinois River","Rancherie Creek-Illinois River",171003110604,"O & C Lands USFS","JOSEPHINE","37.00S 9.00W17",267.678526318
"1178","32588","Y",NA,NA,NA,2005,NA,NA,NA,7992,0,0,"sandstone","E",0,32588,167,99,2515,188,1107,"78f","78f","Coastal Siskiyous",78,"Klamath Mountains","WC","w","Klamath-Northern California Co","Northern California Coastal","Smith","North Fork Smith River","Baldface Creek",180101010102,"USFS National Forest","CURRY","41.00S11.00W 2",345.739863867
"1224","32485","Y",NA,NA,NA,2005,NA,NA,NA,261,0,0,"shale and mudstone","E",0,38484,167,125,3175,172,1089,"1h","1h","Southern Oregon Coastal Mountains",1,"Coast Range","MWCF","w","Oregon-Washington Coastal","Southern Oregon Coastal","Sixes","Elk River","Upper Elk River",171003060301,"USFS National Forest","CURRY","33.00S14.00W13",144.000149927
"1225","32486","Y",NA,NA,NA,2005,NA,NA,NA,678,0,0,"sandstone","E",0,38485,168,117,2972,172,1089,"1h","1h","Southern Oregon Coastal Mountains",1,"Coast Range","MWCF","w","Oregon-Washington Coastal","Southern Oregon Coastal","Sixes","Elk River","Lower Elk River",171003060302,"Private","CURRY","33.00S14.00W 6",50.9307377563
"1226","32488","Y",NA,NA,NA,2005,NA,NA,NA,739,0,0,"ultramafic","R",0,38487,166,135,3429,205,1124,"78d","78d","Serpentine Siskiyous",78,"Klamath Mountains","WC","w","Oregon-Washington Coastal","Southern Oregon Coastal","Chetco","Chetco River","Little Chetco River-Chetco River",171003120101,"USFS National Forest","CURRY","39.00S10.00W18",617.177249121
"1269","33508","Y",NA,NA,NA,2006,NA,NA,NA,204,0,0,"lake sediment and playa","E",0,33508,172,45,1143,38,925,"3c","3c","Prairie Terraces",3,"Willamette Valley","MWCF","w","Willamette","Willamette","Yamhill","North Yamhill River","Baker Creek",170900080606,"Private","YAMHILL","4.00S 4.00W 7",39.7525270386
"1365","35632","Y","Yes","OR",NA,1999,"Yes","Yes","WCCP",1168,0,1,"mafic volcanic flow","R",0,0,130,29,737,76,967,"9d","9d","Ponderosa Pine/Bitterbrush Woodland",9,"Eastern Cascades Slopes and Foothills","WC","e","Middle Columbia","Deschutes","Upper Deschutes","Upper Metolius River","Candle Creek",170703010909,"USFS National Forest","JEFFERSON","11.00S 9.00E29",968.225923828
"1366","35633","Y",NA,NA,NA,1999,"Yes","yes",NA,2164,0,0,"calc-alkaline volcanoclastic","R",0,0,96,39,991,76,967,"9d","9d","Ponderosa Pine/Bitterbrush Woodland",9,"Eastern Cascades Slopes and Foothills","WC","e","Middle Columbia","Deschutes","Upper Deschutes","Whychus Creek","Headwaters Whychus Creek",170703010701,"USFS National Forest","DESCHUTES","16.00S 9.00E29",1434.06182461
"1367","35634","Y","Yes","OR",NA,1999,"Yes","Yes","WCCP",1368,0,3,"mafic volcanic flow","R",0,0,138,23,584,57,951,"9b","9b","Grand Fir Mixed Forest",9,"Eastern Cascades Slopes and Foothills","WC","e","Middle Columbia","Deschutes","Lower Deschutes","Tygh Creek","Postage Stamp Butte-Tygh Creek",170703060803,"USFS National Forest","WASCO","3.00S11.00E13",788.701030664
"1405","35645","Y",NA,NA,NA,0,NA,NA,NA,0,0,0,"calc-alkaline volcanoclastic","R",0,0,175,83,2108,188,1107,"78f","78f","Coastal Siskiyous",78,"Klamath Mountains","WC","w","Oregon-Washington Coastal","Southern Oregon Coastal","Lower Rogue","Shasta Costa Creek-Rogue River","Shasta Costa Creek",171003100601,"O & C Lands USFS","CURRY","35.00S11.00W 3",118.748323828
"1430","35670","Y",NA,NA,NA,0,NA,NA,NA,0,0,0,"ultramafic","R",0,0,178,79,2007,205,1124,"78d","78d","Serpentine Siskiyous",78,"Klamath Mountains","WC","w","Oregon-Washington Coastal","Southern Oregon Coastal","Illinois","West Fork Illinois River","Middle West Fork Illinois River",171003110403,"USFS National Forest","JOSEPHINE","40.00S 9.00W34",516.082136133
"1446","35685","Y",NA,NA,NA,1999,"Yes","yes","WCCP",38937,0,2,"alluvium","E",0,0,158,57,1448,36,758,"4a","4a","Western Cascades Lowlands and Valleys",4,"Cascades","WC","w","Willamette","Willamette","McKenzie","Horse Creek","Lower Horse Creek",170900040105,"Private","LANE","16.00S 5.00E23",434.705410254
"1448","34471","Y",NA,NA,"Yes_MM",1999,NA,NA,NA,465,13,4,"ultramafic","R",0,34471,172,87,2210,177,1096,"78e","78e","Inland Siskiyous",78,"Klamath Mountains","WC","w","Oregon-Washington Coastal","Southern Oregon Coastal","Illinois","Klondike Creek-Illinois River","Florence Creek-Illinois River",171003110801,"USFS National Forest","JOSEPHINE","37.00S 9.00W 6",298.707925342
"1449","35687","Y","Yes","EPA_OR",NA,1999,"Yes","Yes",NA,0,4,2,"argillite and slate","E",0,0,147,63,1600,177,1096,"78e","78e","Inland Siskiyous",78,"Klamath Mountains","WC","w","Oregon-Washington Coastal","Southern Oregon Coastal","Illinois","Sucker Creek","Upper Sucker Creek",171003110201,"USFS National Forest","JOSEPHINE","41.00S 6.00W 2",1202.01503965
"1458","35694","Y","Yes","OR",NA,1999,"Yes","Yes",NA,447,0,3,"sandstone","E",0,0,186,87,2210,188,1107,"78f","78f","Coastal Siskiyous",78,"Klamath Mountains","WC","w","Oregon-Washington Coastal","Southern Oregon Coastal","Lower Rogue","Stair Creek-Rogue River","Blossom Bar-Rogue River",171003100502,"USFS National Forest","CURRY","34.00S11.00W 3",122.71396084
"1460","35696","Y","Yes","OR",NA,1999,"Yes","Yes","WCCP",129,0,2,"calc-alkaline intrusive","R",0,0,133,33,838,177,1096,"78e","78e","Inland Siskiyous",78,"Klamath Mountains","WC","w","Oregon-Washington Coastal","Southern Oregon Coastal","Middle Rogue","Bear Creek","Ashland Creek",171003080106,"USFS National Forest","JACKSON","39.00S 1.00E28",971.458470703
"1462","S216","Y",NA,NA,NA,1999,NA,NA,NA,0,10,3,NA,NA,0,0,0,0,0,0,0,NA,NA,NA,0,NA,NA,NA,"Oregon-Washington Coastal","Southern Oregon Coastal","Applegate","Headwaters Applegate River","Middle Fork Applegate River-Applegate River",171003090104,NA,NA,NA,-3047.6952
"1463","34477","Y",NA,NA,"Yes_MM",1999,NA,NA,NA,4081,2,2,NA,NA,0,34477,0,0,0,0,0,NA,NA,NA,0,NA,NA,NA,"Oregon-Washington Coastal","Southern Oregon Coastal","Applegate","Headwaters Applegate River","Butte Fork Applegate River",171003090101,NA,NA,NA,-3047.6952
"1467","35701","Y",NA,NA,NA,1999,"Yes","Yes","WCCP",1690,0,1,"calc-alkaline volcanoclastic","R",0,0,158,65,1651,36,758,"4a","4a","Western Cascades Lowlands and Valleys",4,"Cascades","WC","w","Oregon-Washington Coastal","Southern Oregon Coastal","North Umpqua","Canton Creek","Upper Canton Creek",171003010601,"USFS National Forest","LANE","24.00S 1.00E18",645.63106582
"1468","35702","Y",NA,"EPA",NA,1999,"Yes","Yes","WCCP",600,0,3,"calc-alkaline volcanoclastic","R",0,0,151,67,1702,36,758,"4a","4a","Western Cascades Lowlands and Valleys",4,"Cascades","WC","w","Willamette","Willamette","Coast Fork Willamette","Row River","Sharps Creek",170900020203,"USFS National Forest","LANE","23.00S 1.00E30",661.597198242
"1469","35703","Y",NA,"EPA",NA,1999,"Yes","Yes","WCCP",234,0,3,"calc-alkaline volcanoclastic","R",0,0,151,67,1702,36,758,"4a","4a","Western Cascades Lowlands and Valleys",4,"Cascades","WC","w","Willamette","Willamette","Coast Fork Willamette","Row River","Sharps Creek",170900020203,"O & C Lands USFS","LANE","23.00S 1.00E29",753.686758594
"1470","35704","Y","Yes","EPA_OR",NA,1999,"Yes","Yes","WCCP",2645,0,3,"glacial drift","E",0,0,128,47,1194,181,5778,"4f","4f","Southern Cascades",4,"Cascades","WC","w","Oregon-Washington Coastal","Southern Oregon Coastal","Upper Rogue","South Fork Rogue River","Upper South Fork Rogue River",171003070201,"USFS National Forest","JACKSON","34.00S 4.00E 2",1252.52380781
"1472","35706","Y",NA,NA,NA,1999,NA,NA,NA,16568,0,3,"calc-alkaline volcanoclastic","R",0,0,160,49,1245,36,758,"4a","4a","Western Cascades Lowlands and Valleys",4,"Cascades","WC","w","Willamette","Willamette","Middle Fork Willamette","Hills Creek Reservoir-Middle Fork Willamette River","Gray Creek-Middle Fork Willamette River",170900010505,"USFS National Forest","LANE","21.00S 3.00E17",367.010602734
"1474","35708","Y",NA,"EPA",NA,1999,NA,NA,NA,723,0,2,"calc-alkaline volcanoclastic","R",0,0,160,63,1600,36,758,"4a","4a","Western Cascades Lowlands and Valleys",4,"Cascades","WC","w","Willamette","Willamette","Middle Fork Willamette","Fall Creek","Andy Creek-Fall Creek",170900010904,"O & C Lands USFS","LANE","18.00S 2.00E27",348.246762012
"1475","35709","Y",NA,"EPA",NA,1999,"Yes","Yes","WCCP",354,0,2,"calc-alkaline volcanoclastic","R",0,0,160,61,1549,36,758,"4a","4a","Western Cascades Lowlands and Valleys",4,"Cascades","WC","w","Willamette","Willamette","Middle Fork Willamette","Fall Creek","Andy Creek-Fall Creek",170900010904,"USFS National Forest","LANE","18.00S 2.00E26",332.335882031
"1476","35710","Y","Yes","OR",NA,1999,"Yes","Yes","WCCP",438,0,2,"alluvium","E",0,0,139,75,1905,70,961,"4b","4b","Western Cascades Montane Highlands",4,"Cascades","WC","w","Willamette","Willamette","McKenzie","Horse Creek","Middle Horse Creek",170900040104,"USFS National Forest","LANE","17.00S 6.50E 9",701.195748633
"1477","35711","Y","Yes","OR",NA,1999,"Yes","Yes","WCCP",5303,0,2,"alluvium","E",0,0,131,75,1905,70,961,"4b","4b","Western Cascades Montane Highlands",4,"Cascades","WC","w","Willamette","Willamette","McKenzie","Horse Creek","Upper Horse Creek",170900040103,"USFS National Forest","LANE","17.00S 6.50E27",838.991170313
"1478","35712","Y","Yes","EPA_OR",NA,1999,"Yes","Yes","WCCP",13750,0,2,"alluvium","E",0,0,131,75,1905,70,961,"4b","4b","Western Cascades Montane Highlands",4,"Cascades","WC","w","Willamette","Willamette","McKenzie","Horse Creek","Middle Horse Creek",170900040104,"USFS National Forest","LANE","17.00S 6.50E21",792.178027734
"1479","35713","Y",NA,NA,NA,1999,"Yes","Yes","WCCP",14194,0,2,"mafic volcanic flow","R",0,0,148,73,1854,70,961,"4b","4b","Western Cascades Montane Highlands",4,"Cascades","WC","w","Willamette","Willamette","McKenzie","Horse Creek","Lower Separation Creek",170900040102,"USFS National Forest","LANE","17.00S 6.50E 3",697.948616602
"1480","35714","Y",NA,NA,NA,1999,"Yes","Yes","WCCP",2024,0,2,"calc-alkaline volcanoclastic","R",0,0,116,81,2057,53,947,"4c","4c","Cascade Crest Montane Forest",4,"Cascades","WC","w","Willamette","Willamette","North Santiam","Headwaters North Santiam River","Swade Creek-North Santiam River",170900050201,"USFS National Forest","LINN","12.00S 7.00E25",1356.18721055
"1481","35715","Y","Yes","EPA_OR",NA,1999,"Yes","Yes","WCCP",4120,0,2,"mafic volcanic flow","R",0,0,119,53,1346,181,5778,"4f","4f","Southern Cascades",4,"Cascades","WC","w","Oregon-Washington Coastal","Southern Oregon Coastal","Upper Rogue","South Fork Rogue River","Upper South Fork Rogue River",171003070201,"USFS National Forest","KLAMATH","35.00S 5.00E 6",1434.48494297
"1482","35716","Y","Yes","EPA_OR",NA,1999,"Yes","Yes","WCCP",454,0,4,"calc-alkaline volcanoclastic","R",0,0,132,79,2007,70,961,"4b","4b","Western Cascades Montane Highlands",4,"Cascades","WC","w","Willamette","Willamette","North Santiam","Headwaters North Santiam River","Whitewater Creek",170900050206,"USFS National Forest","MARION","10.00S 7.00E14",1019.32010742
"1483","35717","Y",NA,NA,NA,1999,"Yes","Yes","WCCP",2148,0,2,"alluvium","E",0,0,132,79,2007,70,961,"4b","4b","Western Cascades Montane Highlands",4,"Cascades","WC","w","Willamette","Willamette","North Santiam","Breitenbush River","South Fork Breitenbush River",170900050101,"USFS National Forest","MARION","10.00S 8.00E 6",924.721751367
"1484","35718","Y","Yes","OR",NA,1999,"Yes","Yes","WCCP",1969,0,2,"landslide","E",0,0,127,83,2108,36,758,"4a","4a","Western Cascades Lowlands and Valleys",4,"Cascades","WC","w","Willamette","Willamette","Clackamas","Collawash River","Happy Creek-Collawash River",170900110106,"USFS National Forest","CLACKAMAS","7.00S 6.00E27",767.107632422
"1485","35719","Y",NA,NA,NA,1999,"Yes","Yes","WCCP",3999,0,1,"calc-alkaline volcanoclastic","R",0,0,120,87,2210,36,758,"4a","4a","Western Cascades Lowlands and Valleys",4,"Cascades","WC","w","Willamette","Willamette","Clackamas","Collawash River","Upper Hot Springs Fork Collawash River",170900110101,"USFS National Forest","CLACKAMAS","7.00S 5.00E23",643.81417207
"1486","35720","Y","Yes","OR",NA,1999,"Yes","Yes",NA,1008,0,2,"mafic volcanic flow","R",0,0,110,89,2261,36,758,"4a","4a","Western Cascades Lowlands and Valleys",4,"Cascades","WC","w","Lower Columbia","Lower Columbia","Lower Columbia-Sandy","Zigzag River","Zigzag Canyon",170800010202,"USFS National Forest","CLACKAMAS","3.00S 8.00E16",762.901526367
"1488","35722","Y","Yes","OR",NA,1999,"Yes","Yes","WCCP",2809,0,1,"calc-alkaline volcanoclastic","R",0,0,140,49,1245,181,5778,"4f","4f","Southern Cascades",4,"Cascades","WC","w","Oregon-Washington Coastal","Southern Oregon Coastal","South Umpqua","Upper South Umpqua River","Castle Rock Fork",171003020101,"USFS National Forest","DOUGLAS","28.00S 2.00E35",714.214935352
"1498","35732","Y","Yes","EPA_OR",NA,1999,"Yes","Yes","WCCP",2545,0,2,"mafic volcanic flow","R",0,0,137,65,1651,128,1030,"4b","4b","Western Cascades Montane Highlands",4,"Cascades","WC","w","Willamette","Willamette","Middle Fork Willamette","North Fork Middle Fork Willamette River","Fisher Creek-North Fork Middle Fork Willamette River",170900010603,"USFS National Forest","LANE","20.00S 5.50E 4",887.125832227
"1499","35733","Y","Yes","EPA_OR",NA,1999,"Yes","Yes","WCCP",18753,0,2,"glacial drift","E",0,0,127,67,1702,128,1030,"4b","4b","Western Cascades Montane Highlands",4,"Cascades","WC","w","Willamette","Willamette","Middle Fork Willamette","North Fork Middle Fork Willamette River","Fisher Creek-North Fork Middle Fork Willamette River",170900010603,"USFS National Forest","LANE","19.00S 5.50E36",898.521378516
"1500","35734","Y",NA,NA,NA,1999,"Yes","Yes","WCCP",1186,0,3,"landslide","E",0,0,158,63,1600,36,758,"4a","4a","Western Cascades Lowlands and Valleys",4,"Cascades","WC","w","Willamette","Willamette","McKenzie","Horse Creek","Lower Horse Creek",170900040105,"USFS National Forest","LANE","16.00S 5.00E26",597.798413379
"1501","35735","Y","Yes","OR",NA,1999,"Yes","Yes","WCCP",163,0,6,"mafic volcanic flow","R",0,0,130,91,2311,36,758,"4a","4a","Western Cascades Lowlands and Valleys",4,"Cascades","WC","w","Willamette","Willamette","South Santiam","Headwaters Middle Santiam River","Donaca Creek-Middle Santiam River",170900060103,"USFS National Forest","LINN","12.00S 5.00E21",604.738529297
"1503","35737","Y","Yes","OR",NA,1999,"Yes","Yes","WCCP",290,0,4,"landslide","E",0,0,131,89,2261,36,758,"4a","4a","Western Cascades Lowlands and Valleys",4,"Cascades","WC","w","Willamette","Willamette","South Santiam","Headwaters Middle Santiam River","Donaca Creek-Middle Santiam River",170900060103,"USFS National Forest","LINN","12.00S 5.00E22",624.366428906
"1517","35748","Y",NA,NA,NA,1999,"Yes","Yes","WCCP",3876,0,2,"sandstone","E",0,0,167,107,2718,188,1107,"78f","78f","Coastal Siskiyous",78,"Klamath Mountains","WC","w","Klamath-Northern California Co","Northern California Coastal","Smith","North Fork Smith River","Upper North Fork Smith River",180101010101,"USFS National Forest","CURRY","40.00S11.00W26",419.459866406
"1518","35749","Y","Yes","OR",NA,1999,"Yes","Yes","WCCP",9158,0,1,"sandstone","E",0,0,164,101,2565,188,1107,"78f","78f","Coastal Siskiyous",78,"Klamath Mountains","WC","w","Klamath-Northern California Co","Northern California Coastal","Smith","North Fork Smith River","Upper North Fork Smith River",180101010101,"USFS National Forest","CURRY","40.00S11.00W34",427.385708203
"1519","31467","Y","Yes","EPA_OR","Yes_MM",1999,"Yes","Yes",NA,5584,0,1,"sandstone","E",0,31467,173,103,2616,188,1107,"78f","78f","Coastal Siskiyous",78,"Klamath Mountains","WC","w","Oregon-Washington Coastal","Southern Oregon Coastal","Chetco","Chetco River","Boulder Creek",171003120106,"USFS National Forest","CURRY","38.00S11.00W 7",181.918123828
"1524","34476","Y",NA,NA,NA,1999,NA,NA,NA,2055,3,2,NA,NA,0,34476,0,0,0,0,0,NA,NA,NA,0,NA,NA,NA,"Oregon-Washington Coastal","Southern Oregon Coastal","Applegate","Headwaters Applegate River","Dutch Creek-Elliott Creek",171003090103,NA,NA,NA,-3047.6952
"1526","35753","Y",NA,NA,NA,1999,"Yes","Yes","WCCP",3140,0,2,"calc-alkaline volcanoclastic","R",0,0,134,47,1194,181,5778,"4f","4f","Southern Cascades",4,"Cascades","WC","w","Oregon-Washington Coastal","Southern Oregon Coastal","Upper Rogue","Elk Creek","Bitter Lick Creek-Elk Creek",171003070501,"USFS National Forest","JACKSON","31.00S 1.00E36",731.270191992
"1537","35758","Y",NA,NA,NA,1999,"Yes","Yes","WCCP",195,0,3,"calc-alkaline volcanoclastic","R",0,0,148,71,1803,36,758,"4a","4a","Western Cascades Lowlands and Valleys",4,"Cascades","WC","w","Willamette","Willamette","McKenzie","South Fork McKenzie River","Cougar Reservoir-South Fork McKenzie River",170900040307,"USFS National Forest","LANE","17.00S 5.00E33",772.393040039
"1538","35759","Y","Yes","OR",NA,1999,"Yes","Yes","WCCP",8110,0,2,"calc-alkaline volcanoclastic","R",0,0,148,71,1803,36,758,"4a","4a","Western Cascades Lowlands and Valleys",4,"Cascades","WC","w","Willamette","Willamette","McKenzie","South Fork McKenzie River","French Pete Creek",170900040305,"USFS National Forest","LANE","17.00S 5.00E33",566.435899805
"1541","35761","Y",NA,NA,NA,1999,NA,NA,NA,0,6,2,"calc-alkaline volcanoclastic","R",0,0,160,49,1245,36,758,"4a","4a","Western Cascades Lowlands and Valleys",4,"Cascades","WC","w","Willamette","Willamette","Middle Fork Willamette","Hills Creek Reservoir-Middle Fork Willamette River","Gray Creek-Middle Fork Willamette River",170900010505,"USFS National Forest","LANE","21.00S 3.00E17",341.505926953
"1544","35763","Y","Yes","OR",NA,1999,"Yes","Yes",NA,1840,0,2,"mafic volcanic flow","R",0,0,114,67,1702,128,1030,"4b","4b","Western Cascades Montane Highlands",4,"Cascades","WC","w","Willamette","Willamette","Middle Fork Willamette","Salmon Creek","Black Creek",170900010401,"USFS National Forest","LANE","21.00S 5.50E34",1039.39151484
"1549","35766","Y","Yes","OR",NA,1999,"Yes","Yes","WCCP",2512,0,2,"calc-alkaline volcanoclastic","R",0,0,128,97,2464,70,961,"4b","4b","Western Cascades Montane Highlands",4,"Cascades","WC","w","Willamette","Willamette","North Santiam","Little North Santiam River","Opal Creek",170900050501,"USFS National Forest","MARION","8.00S 5.00E33",694.834908984
"1550","35767","Y",NA,NA,NA,1999,"Yes","Yes","WCCP",1032,0,2,"calc-alkaline volcanoclastic","R",0,0,124,105,2667,70,961,"4b","4b","Western Cascades Montane Highlands",4,"Cascades","WC","w","Willamette","Willamette","North Santiam","Little North Santiam River","Opal Creek",170900050501,"USFS National Forest","MARION","8.00S 5.00E26",800.55206543
"1552","35769","Y","Yes","OR",NA,1999,"Yes","Yes","WCCP",471,0,4,"calc-alkaline volcanoclastic","R",0,0,138,79,2007,36,758,"4a","4a","Western Cascades Lowlands and Valleys",4,"Cascades","WC","w","Willamette","Willamette","South Santiam","South Santiam River","Trout Creek-South Santiam River",170900060208,"Private","LINN","13.00S 4.00E26",450.042520605
"1553","35770","Y",NA,"EPA",NA,1999,"Yes","Yes","WCCP",10603,0,2,"mafic volcanic flow","R",0,0,147,71,1803,36,758,"4a","4a","Western Cascades Lowlands and Valleys",4,"Cascades","WC","w","Willamette","Willamette","Clackamas","Middle Clackamas River","Roaring River",170900110402,"USFS National Forest","CLACKAMAS","5.00S 6.00E 6",331.08799541
"1555","35772","Y","Yes","OR",NA,1999,"Yes","Yes","WCCP",3734,0,2,"calc-alkaline volcanoclastic","R",0,0,133,87,2210,36,758,"4a","4a","Western Cascades Lowlands and Valleys",4,"Cascades","WC","w","Willamette","Willamette","Clackamas","Eagle Creek","Upper Eagle Creek",170900110501,"USFS National Forest","CLACKAMAS","3.00S 6.00E20",495.682451074
"1556","34468","Y","Yes","OR","Yes_MM",1999,"Yes","Yes",NA,279,0,2,"siltstone","E",0,34468,155,125,3175,21,893,"1d","1d","Volcanics",1,"Coast Range","MWCF","w","Oregon-Washington Coastal","Northern Oregon Coastal","Wilson-Trask-Nestucca","Nestucca River-Frontal Pacific Ocean","Powder Creek-Nestucca River",171002030206,"USFS National Forest","TILLAMOOK","4.00S 8.00W 8",299.139824561
"1558","35773","Y",NA,NA,NA,1999,"Yes","Yes","WCCP",1431,0,2,"calc-alkaline volcanoclastic","R",0,0,145,89,2261,36,758,"4a","4a","Western Cascades Lowlands and Valleys",4,"Cascades","WC","w","Lower Columbia","Lower Columbia","Lower Columbia-Sandy","Bull Run River","Middle Bull Run River",170800010503,"USFS National Forest","MULTNOMAH","1.00S 6.00E13",475.245261328
"1579","35785","Y",NA,NA,NA,1999,"Yes","yes",NA,845,0,0,"glacial drift","E",0,0,117,51,1295,179,1098,"4e","4e","High Southern Cascades Montane Forest",4,"Cascades","WC","w","Oregon-Washington Coastal","Southern Oregon Coastal","North Umpqua","Headwaters North Umpqua River","Lake Creek",171003010204,"USFS National Forest","DOUGLAS","27.00S 6.00E17",1583.74273477
"1583","32487","Y","Yes","EPA_OR","Yes_MM",1999,NA,NA,NA,728,0,2,"shale and mudstone","E",0,32487,171,125,3175,172,1089,"1h","1h","Southern Oregon Coastal Mountains",1,"Coast Range","MWCF","w","Oregon-Washington Coastal","Southern Oregon Coastal","Sixes","Elk River","Upper Elk River",171003060301,"USFS National Forest","CURRY","33.00S14.00W13",125.29206394
"1592","34470","Y","Yes","OR","Yes_MM",1999,"Yes","yes",NA,420,0,0,"calc-alkaline volcanoclastic","R",0,34470,153,119,3023,72,962,"1g","1g","Mid-Coastal Sedimentary",1,"Coast Range","MWCF","w","Oregon-Washington Coastal","Southern Oregon Coastal","South Umpqua","West Fork Cow Creek","Wilson Creek-West Fork Cow Creek",171003020801,"USFS National Forest","COOS","32.00S10.00W11",640.609828125
"1593","35789","Y",NA,NA,NA,1999,"Yes","yes",NA,534,0,0,"ultramafic","R",0,0,170,135,3429,188,1107,"78f","78f","Coastal Siskiyous",78,"Klamath Mountains","WC","w","Oregon-Washington Coastal","Southern Oregon Coastal","Chetco","Pistol River","East Fork Pistol River-Pistol River",171003120401,"Private","CURRY","37.00S12.00W31",887.425497656
"1596","34472","Y",NA,NA,"Yes_MM",1999,NA,NA,NA,955,2,1,"argillite and slate","E",0,34472,147,63,1600,177,1096,"78e","78e","Inland Siskiyous",78,"Klamath Mountains","WC","w","Oregon-Washington Coastal","Southern Oregon Coastal","Illinois","Sucker Creek","Upper Sucker Creek",171003110201,"O & C Lands USFS","JOSEPHINE","41.00S 6.00W11",1194.33431777
"1598","35791","Y","Yes","OR",NA,1999,"Yes","yes",NA,255,0,0,"calc-alkaline volcanoclastic","R",0,0,126,47,1194,181,5778,"4f","4f","Southern Cascades",4,"Cascades","WC","w","Oregon-Washington Coastal","Southern Oregon Coastal","South Umpqua","Jackson Creek","Upper Jackson Creek",171003020201,"USFS National Forest","DOUGLAS","29.00S 3.00E31",946.31075918
"1601","35792","Y",NA,NA,NA,1999,"Yes","yes",NA,5631,0,0,"glacial drift","E",0,0,122,55,1397,179,1098,"4e","4e","High Southern Cascades Montane Forest",4,"Cascades","WC","w","Oregon-Washington Coastal","Southern Oregon Coastal","North Umpqua","Headwaters North Umpqua River","Tolo Creek-North Umpqua River",171003010201,"USFS National Forest","DOUGLAS","26.00S 6.00E15",1316.06240391
"1605","35794","Y","Yes","EPA_OR",NA,1999,"Yes","Yes","MWCF",2301,0,1,"sandstone","E",0,0,170,113,2870,172,1089,"1h","1h","Southern Oregon Coastal Mountains",1,"Coast Range","MWCF","w","Oregon-Washington Coastal","Southern Oregon Coastal","Sixes","Elk River","Upper Elk River",171003060301,"USFS National Forest","CURRY","33.00S13.00W13",330.069527344
"1829","34722","Y",NA,NA,NA,0,NA,NA,NA,0,0,0,"mafic volcanic flow","R",0,0,161,91,2311,89,981,"1d","1d","Volcanics",1,"Coast Range","MWCF","w","Oregon-Washington Coastal","Northern Oregon Coastal","Alsea","Tenmile Creek-Frontal Pacific Ocean","Tenmile Creek",171002050702,"USFS National Forest","LANE","16.00S12.00W 1",252.760348535
"1830","34650","Y",NA,NA,NA,0,NA,NA,NA,0,0,0,"sandstone","E",0,0,172,81,2057,72,962,"1g","1g","Mid-Coastal Sedimentary",1,"Coast Range","MWCF","w","Oregon-Washington Coastal","Northern Oregon Coastal","Siuslaw","Lower Siuslaw River","Knowles Creek-Siuslaw River",171002060803,"Private","LANE","17.00S 9.00W32",91.9547313721
"1864","33342","Y",NA,NA,NA,0,NA,NA,NA,0,0,0,"sandstone","E",0,33342,166,83,2108,72,962,"1g","1g","Mid-Coastal Sedimentary",1,"Coast Range","MWCF","w","Oregon-Washington Coastal","Northern Oregon Coastal","Alsea","Drift Creek","Lower Drift Creek",171002050303,"USFS National Forest","LINCOLN","12.00S10.00W31",93.327754541
"1871","33337","Y",NA,NA,NA,0,NA,NA,NA,0,0,0,"mafic volcanic flow","R",0,33337,160,91,2311,89,981,"1d","1d","Volcanics",1,"Coast Range","MWCF","w","Oregon-Washington Coastal","Northern Oregon Coastal","Alsea","Tenmile Creek-Frontal Pacific Ocean","Cummins Creek-Frontal Pacific Ocean",171002050701,"USFS National Forest","LANE","15.00S11.00W 7",59.2316264282
"1910","33419","Y",NA,NA,NA,0,NA,NA,NA,0,0,0,"sandstone","E",0,0,165,83,2108,72,962,"1g","1g","Mid-Coastal Sedimentary",1,"Coast Range","MWCF","w","Oregon-Washington Coastal","Northern Oregon Coastal","Siltcoos","Siltcoos River-Frontal Pacific Ocean","Fiddle Creek",171002070102,"USFS National Forest","LANE","19.00S11.00W26",106.593698291
"1915","33389","Y",NA,NA,NA,0,NA,NA,NA,0,0,0,"siltstone","E",0,0,175,109,2769,172,1089,"1h","1h","Southern Oregon Coastal Mountains",1,"Coast Range","MWCF","w","Oregon-Washington Coastal","Southern Oregon Coastal","Coquille","South Fork Coquille River","Headwaters South Fork Coquille River",171003050201,"O & C Lands USFS","COOS","33.00S11.00W19",411.599136914
"1931","34646","Y",NA,NA,NA,0,NA,NA,NA,0,0,0,"sandstone","E",0,0,175,53,1346,72,962,"1g","1g","Mid-Coastal Sedimentary",1,"Coast Range","MWCF","w","Oregon-Washington Coastal","Northern Oregon Coastal","Siuslaw","Upper Siuslaw River","North Creek-Siuslaw River",171002060306,"Private","LANE","19.00S 7.00W20",181.582683838
"1944","34643","Y",NA,NA,NA,0,NA,NA,NA,0,0,0,"sandstone","E",0,0,172,81,2057,72,962,"1g","1g","Mid-Coastal Sedimentary",1,"Coast Range","MWCF","w","Oregon-Washington Coastal","Northern Oregon Coastal","Siuslaw","Deadwood Creek","Lower Deadwood Creek",171002060402,"O & C Lands","LANE","16.00S 8.00W31",200.488748438
"1949","34661","Y",NA,NA,NA,0,NA,NA,NA,0,0,0,"sandstone","E",0,0,174,79,2007,72,962,"1g","1g","Mid-Coastal Sedimentary",1,"Coast Range","MWCF","w","Oregon-Washington Coastal","Northern Oregon Coastal","Alsea","Lower Alsea River","Scott Creek-Alsea River",171002050403,"USFS National Forest","LINCOLN","14.00S10.00W 1",114.895656665
"1951","34667","Y",NA,NA,NA,0,NA,NA,NA,0,0,0,"sandstone","E",0,0,172,63,1600,72,962,"1g","1g","Mid-Coastal Sedimentary",1,"Coast Range","MWCF","w","Oregon-Washington Coastal","Northern Oregon Coastal","Siuslaw","Lower Siuslaw River","Turner Creek-Siuslaw River",171002060801,"Private","LANE","18.00S 9.00W24",153.957393311
"1993","34636","Y",NA,NA,NA,0,NA,NA,NA,0,0,0,"mafic volcanic flow","R",0,0,153,145,3683,21,893,"1d","1d","Volcanics",1,"Coast Range","MWCF","w","Oregon-Washington Coastal","Northern Oregon Coastal","Wilson-Trask-Nestucca","Kilchis River","North Fork Kilchis River",171002030601,"State Lands","TILLAMOOK","1.00N 9.00W 1",154.384753271
"1995","34614","Y",NA,NA,NA,0,NA,NA,NA,0,0,0,"sandstone","E",0,34614,154,115,2921,43,929,"1g","1g","Mid-Coastal Sedimentary",1,"Coast Range","MWCF","w","Oregon-Washington Coastal","Northern Oregon Coastal","Wilson-Trask-Nestucca","Nestucca River-Frontal Pacific Ocean","Three Rivers",171002030208,"Private","YAMHILL","5.00S 9.00W 3",172.395709717
"2021","34710","Y",NA,NA,NA,0,NA,NA,NA,0,0,0,"sandstone","E",0,0,155,83,2108,72,962,"1g","1g","Mid-Coastal Sedimentary",1,"Coast Range","MWCF","w","Oregon-Washington Coastal","Southern Oregon Coastal","Umpqua","Lower Smith River","Upper North Fork Smith River",171003030705,"USFS National Forest","DOUGLAS","19.00S10.00W26",162.848664551
"2234","dfw_3124","Y",NA,NA,NA,0,NA,NA,NA,0,0,0,"sandstone","E",0,0,166,99,2515,82,974,"1d","1d","Volcanics",1,"Coast Range","MWCF","w","Oregon-Washington Coastal","Northern Oregon Coastal","Alsea","Lower Alsea River","Cow Creek-Alsea River",171002050402,"O & C Lands","BENTON","14.00S 8.00W 5",156.16137041
"2238","dfw_35002","Y",NA,NA,NA,0,NA,NA,NA,0,0,0,"sandstone","E",0,0,173,61,1549,72,962,"1g","1g","Mid-Coastal Sedimentary",1,"Coast Range","MWCF","w","Oregon-Washington Coastal","Northern Oregon Coastal","Siuslaw","Lower Siuslaw River","Turner Creek-Siuslaw River",171002060801,"O & C Lands","LANE","18.00S 8.00W 9",126.667496265
"2310","dfw_6104","Y",NA,NA,NA,0,NA,NA,NA,0,0,0,"sandstone","E",0,0,163,83,2108,117,1014,"1b","1b","Coastal Uplands",1,"Coast Range","MWCF","w","Oregon-Washington Coastal","Northern Oregon Coastal","Siltcoos","Siltcoos River-Frontal Pacific Ocean","Maple Creek",171002070101,"Private","LANE","19.00S11.00W20",24.730895105
"2345","dfw_8008","Y",NA,NA,NA,0,NA,NA,NA,0,0,0,"calc-alkaline volcanoclastic","R",0,0,158,43,1092,177,1096,"78e","78e","Inland Siskiyous",78,"Klamath Mountains","WC","w","Oregon-Washington Coastal","Southern Oregon Coastal","South Umpqua","Middle Cow Creek","Windy Creek",171003020704,"State Lands","DOUGLAS","32.00S 6.00W14",520.291181543
