col.num,var,na.count,fss1.rf_keep,fss2.rf_keep,pctfn.rf_keep,pctsa.rf_keep,pctsafn.rf_keep,oe.rf_keep
1,SVN,0,0,0,0,0,0,0
2,NHDP21_COMID,6,0,0,0,0,0,0
3,STATION_KEY,0,0,0,0,0,0,0
4,rid,0,0,0,0,0,0,0
5,POURID,0,0,0,0,0,0,0
6,SITE_NAME,0,0,0,0,0,0,0
7,HU_6_NAME,0,0,0,0,0,0,0
8,HU_8_NAME,0,0,0,0,0,0,0
9,HU_10_NAME,0,0,0,0,0,0,0
10,HU_12_NAME,0,0,0,0,0,0,0
11,HU_08,0,0,0,0,0,0,0
12,HU_10,0,0,0,0,0,0,0
13,HU_12,0,0,0,0,0,0,0
14,LONG_RAW,0,1,1,1,1,1,1
15,LAT_RAW,0,1,1,1,1,1,1
16,NHDHigh,0,0,0,0,0,0,0
17,NHDh_ReachCode,793,0,0,0,0,0,0
18,NHDP21_ReachCode,6,0,0,0,0,0,0
19,NHDP12_COMID,0,0,0,0,0,0,0
20,RESOLUTION,0,0,0,0,0,0,0
21,ECO3_NAME,0,0,0,0,0,0,0
22,VERSION,0,0,0,0,0,0,0
23,ratio,0,0,0,0,0,0,0
24,locID,0,0,0,0,0,0,0
25,netID,0,0,0,0,0,0,0
26,pid,0,0,0,0,0,0,0
27,upDist,0,1,1,1,1,1,1
28,afvArea,0,1,1,1,1,1,1
29,fishpres,24,0,0,0,0,0,0
30,RCASQM,0,0,0,0,0,0,0
31,RSASQM,0,0,0,0,0,0,0
32,RCACOUNT,0,0,0,0,0,0,0
33,RSACOUNT,0,0,0,0,0,0,0
34,RCANASQM,0,0,0,0,0,0,0
35,RCANACOUNT,0,0,0,0,0,0,0
36,EDGELEN,0,0,0,0,0,0,0
37,ARCACOUNT,0,0,0,0,0,0,0
38,ARSACOUNT,0,0,0,0,0,0,0
39,ARCANACOUNT,0,0,0,0,0,0,0
40,LITHCOMPRCA,0,0,0,0,0,0,0
41,LITHCOMPRSA,0,0,0,0,0,0,0
42,LITHERODRCA,0,0,0,0,0,0,0
43,LITHERODRSA,0,0,0,0,0,0,0
44,KFACTRCA,0,0,0,0,0,0,0
45,CLAYRCA,0,0,0,0,0,0,0
46,SANDRCA,0,0,0,0,0,0,0
47,SILT_CLAYRCA,0,0,0,0,0,0,0
48,SILTRCA,0,0,0,0,0,0,0
49,SPLASH,0,1,1,1,1,1,1
50,SUSCEP1_DE,0,0,0,0,0,0,0
51,SUSCEP2_DE,0,0,0,0,0,0,0
52,SUSCEP3_DE,0,0,0,0,0,0,0
53,SUSCEP4_DE,0,0,0,0,0,0,0
54,SUSCEP5_DE,0,0,0,0,0,0,0
55,SUSCEP1_LI,311,0,0,0,0,0,0
56,SUSCEP2_LI,311,0,0,0,0,0,0
57,SUSCEP3_LI,311,0,0,0,0,0,0
58,SUSCEP4_LI,311,0,0,0,0,0,0
59,SUSCEP5_LI,311,0,0,0,0,0,0
60,ROADX,0,1,1,1,1,1,1
61,ROADLENRCAM,0,1,1,1,1,1,1
62,ROADLENRSAM,0,1,1,1,1,1,1
63,SINUMAP,0,1,1,1,1,1,1
64,DISRCA_1YR_1996,0,0,0,0,0,0,0
65,DISRCA_1YR_1997,0,0,0,0,0,0,0
66,DISRCA_1YR_1998,0,0,0,0,0,0,0
67,DISRCA_1YR_1999,0,0,0,0,0,0,0
68,DISRCA_1YR_2000,0,0,0,0,0,0,0
69,DISRCA_1YR_2001,0,0,0,0,0,0,0
70,DISRCA_1YR_2002,0,0,0,0,0,0,0
71,DISRCA_1YR_2003,0,0,0,0,0,0,0
72,DISRCA_1YR_2004,0,0,0,0,0,0,0
73,DISRCA_1YR_2005,0,0,0,0,0,0,0
74,DISRCA_1YR_2006,0,0,0,0,0,0,0
75,DISRCA_1YR_2007,0,0,0,0,0,0,0
76,DISRCA_1YR_2008,0,0,0,0,0,0,0
77,DISRCA_3YR_1996,0,0,0,0,0,0,0
78,DISRCA_3YR_1997,0,0,0,0,0,0,0
79,DISRCA_3YR_1998,0,0,0,0,0,0,0
80,DISRCA_3YR_1999,0,0,0,0,0,0,0
81,DISRCA_3YR_2000,0,0,0,0,0,0,0
82,DISRCA_3YR_2001,0,0,0,0,0,0,0
83,DISRCA_3YR_2002,0,0,0,0,0,0,0
84,DISRCA_3YR_2003,0,0,0,0,0,0,0
85,DISRCA_3YR_2004,0,0,0,0,0,0,0
86,DISRCA_3YR_2005,0,0,0,0,0,0,0
87,DISRCA_3YR_2006,0,0,0,0,0,0,0
88,DISRCA_3YR_2007,0,0,0,0,0,0,0
89,DISRCA_3YR_2008,0,0,0,0,0,0,0
90,DISRCA_10YR_1996,0,0,0,0,0,0,0
91,DISRCA_10YR_1997,0,0,0,0,0,0,0
92,DISRCA_10YR_1998,0,0,0,0,0,0,0
93,DISRCA_10YR_1999,0,0,0,0,0,0,0
94,DISRCA_10YR_2000,0,0,0,0,0,0,0
95,DISRCA_10YR_2001,0,0,0,0,0,0,0
96,DISRCA_10YR_2002,0,0,0,0,0,0,0
97,DISRCA_10YR_2003,0,0,0,0,0,0,0
98,DISRCA_10YR_2004,0,0,0,0,0,0,0
99,DISRCA_10YR_2005,0,0,0,0,0,0,0
100,DISRCA_10YR_2006,0,0,0,0,0,0,0
101,DISRCA_10YR_2007,0,0,0,0,0,0,0
102,DISRCA_10YR_2008,0,0,0,0,0,0,0
103,DISRSA_1YR_1996,0,0,0,0,0,0,0
104,DISRSA_1YR_1997,0,0,0,0,0,0,0
105,DISRSA_1YR_1998,0,0,0,0,0,0,0
106,DISRSA_1YR_1999,0,0,0,0,0,0,0
107,DISRSA_1YR_2000,0,0,0,0,0,0,0
108,DISRSA_1YR_2001,0,0,0,0,0,0,0
109,DISRSA_1YR_2002,0,0,0,0,0,0,0
110,DISRSA_1YR_2003,0,0,0,0,0,0,0
111,DISRSA_1YR_2004,0,0,0,0,0,0,0
112,DISRSA_1YR_2005,0,0,0,0,0,0,0
113,DISRSA_1YR_2006,0,0,0,0,0,0,0
114,DISRSA_1YR_2007,0,0,0,0,0,0,0
115,DISRSA_1YR_2008,0,0,0,0,0,0,0
116,DISRSA_3YR_1996,0,0,0,0,0,0,0
117,DISRSA_3YR_1997,0,0,0,0,0,0,0
118,DISRSA_3YR_1998,0,0,0,0,0,0,0
119,DISRSA_3YR_1999,0,0,0,0,0,0,0
120,DISRSA_3YR_2000,0,0,0,0,0,0,0
121,DISRSA_3YR_2001,0,0,0,0,0,0,0
122,DISRSA_3YR_2002,0,0,0,0,0,0,0
123,DISRSA_3YR_2003,0,0,0,0,0,0,0
124,DISRSA_3YR_2004,0,0,0,0,0,0,0
125,OWNRCA_PRI,0,0,0,0,0,0,0
126,OWNRCA_ODF,0,0,0,0,0,0,0
127,OWNRCA_FED,0,0,0,0,0,0,0
128,OWNRCA_URB,0,0,0,0,0,0,0
129,OWNRCA_AGR,0,0,0,0,0,0,0
130,OWNRSA_PRI,0,0,0,0,0,0,0
131,OWNRSA_ODF,0,0,0,0,0,0,0
132,OWNRSA_FED,0,0,0,0,0,0,0
133,OWNRSA_URB,0,0,0,0,0,0,0
134,OWNRSA_AGR,0,0,0,0,0,0,0
135,TYPEF,0,1,1,1,1,1,1
136,TYPEN,0,0,0,0,0,0,0
137,AKFACTRCA,0,0,0,0,0,0,0
138,ACLAYRCA,0,0,0,0,0,0,0
139,ASANDRCA,0,0,0,0,0,0,0
140,ASILT_CLAYRCA,0,0,0,0,0,0,0
141,ASILTRCA,0,0,0,0,0,0,0
142,ASPLASH,0,1,1,1,1,1,1
143,AROADX,0,1,1,1,1,1,1
144,AROADLENRCAM,0,0,0,0,0,0,0
145,AROADLENRSAM,0,0,0,0,0,0,0
146,DISRSA_3YR_2005,0,0,0,0,0,0,0
147,DISRSA_3YR_2006,0,0,0,0,0,0,0
148,DISRSA_3YR_2007,0,0,0,0,0,0,0
149,DISRSA_3YR_2008,0,0,0,0,0,0,0
150,DISRSA_10YR_1996,0,0,0,0,0,0,0
151,DISRSA_10YR_1997,0,0,0,0,0,0,0
152,DISRSA_10YR_1998,0,0,0,0,0,0,0
153,DISRSA_10YR_1999,0,0,0,0,0,0,0
154,DISRSA_10YR_2000,0,0,0,0,0,0,0
155,DISRSA_10YR_2001,0,0,0,0,0,0,0
156,DISRSA_10YR_2002,0,0,0,0,0,0,0
157,DISRSA_10YR_2003,0,0,0,0,0,0,0
158,DISRSA_10YR_2004,0,0,0,0,0,0,0
159,DISRSA_10YR_2006,0,0,0,0,0,0,0
160,DISRSA_10YR_2007,0,0,0,0,0,0,0
161,DISRSA_10YR_2008,0,0,0,0,0,0,0
162,DISRSA_10YR_2005,0,0,0,0,0,0,0
163,POPRCA2010,0,1,1,1,1,1,1
164,ARCASQM,0,1,1,1,1,1,1
165,ARSASQM,0,1,1,1,1,1,1
166,ARCANASQM,0,0,0,0,0,0,0
167,AEDGELEN,0,0,0,0,0,0,0
168,ALITHCOMPRCA,0,0,0,0,0,0,0
169,ALITHCOMPRSA,0,0,0,0,0,0,0
170,ALITHERODRCA,0,0,0,0,0,0,0
171,ALITHERODRSA,0,0,0,0,0,0,0
172,ASUSCEP1_DE,0,0,0,0,0,0,0
173,ASUSCEP2_DE,0,0,0,0,0,0,0
174,ASUSCEP3_DE,0,0,0,0,0,0,0
175,ASUSCEP4_DE,0,0,0,0,0,0,0
176,ASUSCEP5_DE,0,0,0,0,0,0,0
177,ASUSCEP1_LI,311,0,0,0,0,0,0
178,ASUSCEP2_LI,311,0,0,0,0,0,0
179,ASUSCEP3_LI,311,0,0,0,0,0,0
180,ASUSCEP4_LI,311,0,0,0,0,0,0
181,ASUSCEP5_LI,311,0,0,0,0,0,0
182,ADISRCA_1YR_1996,0,0,0,0,0,0,0
183,ADISRCA_1YR_1997,0,0,0,0,0,0,0
184,ADISRCA_1YR_1998,0,0,0,0,0,0,0
185,ADISRCA_1YR_1999,0,0,0,0,0,0,0
186,ADISRCA_1YR_2000,0,0,0,0,0,0,0
187,ADISRCA_1YR_2001,0,0,0,0,0,0,0
188,ADISRCA_1YR_2002,0,0,0,0,0,0,0
189,ADISRCA_1YR_2003,0,0,0,0,0,0,0
190,ADISRCA_1YR_2004,0,0,0,0,0,0,0
191,ADISRCA_1YR_2005,0,0,0,0,0,0,0
192,ADISRCA_1YR_2006,0,0,0,0,0,0,0
193,ADISRCA_1YR_2007,0,0,0,0,0,0,0
194,ADISRCA_1YR_2008,0,0,0,0,0,0,0
195,ADISRCA_3YR_1996,0,0,0,0,0,0,0
196,ADISRCA_3YR_1997,0,0,0,0,0,0,0
197,ADISRCA_3YR_1998,0,0,0,0,0,0,0
198,ADISRCA_3YR_1999,0,0,0,0,0,0,0
199,ADISRCA_3YR_2000,0,0,0,0,0,0,0
200,ADISRCA_3YR_2001,0,0,0,0,0,0,0
201,ADISRCA_3YR_2002,0,0,0,0,0,0,0
202,ADISRCA_3YR_2003,0,0,0,0,0,0,0
203,ADISRCA_3YR_2004,0,0,0,0,0,0,0
204,ADISRCA_3YR_2005,0,0,0,0,0,0,0
205,ADISRCA_3YR_2006,0,0,0,0,0,0,0
206,ADISRCA_3YR_2007,0,0,0,0,0,0,0
207,ADISRCA_3YR_2008,0,0,0,0,0,0,0
208,ADISRCA_10YR_1996,0,0,0,0,0,0,0
209,ADISRCA_10YR_1997,0,0,0,0,0,0,0
210,ADISRCA_10YR_1998,0,0,0,0,0,0,0
211,ADISRCA_10YR_1999,0,0,0,0,0,0,0
212,ADISRCA_10YR_2000,0,0,0,0,0,0,0
213,ADISRCA_10YR_2001,0,0,0,0,0,0,0
214,ADISRCA_10YR_2002,0,0,0,0,0,0,0
215,ADISRCA_10YR_2003,0,0,0,0,0,0,0
216,ADISRCA_10YR_2004,0,0,0,0,0,0,0
217,ADISRCA_10YR_2005,0,0,0,0,0,0,0
218,ADISRCA_10YR_2006,0,0,0,0,0,0,0
219,ADISRCA_10YR_2007,0,0,0,0,0,0,0
220,ADISRCA_10YR_2008,0,0,0,0,0,0,0
221,ADISRSA_1YR_1996,0,0,0,0,0,0,0
222,ADISRSA_1YR_1997,0,0,0,0,0,0,0
223,ADISRSA_1YR_1998,0,0,0,0,0,0,0
224,ADISRSA_1YR_1999,0,0,0,0,0,0,0
225,ADISRSA_1YR_2000,0,0,0,0,0,0,0
226,ADISRSA_1YR_2001,0,0,0,0,0,0,0
227,ADISRSA_1YR_2002,0,0,0,0,0,0,0
228,ADISRSA_1YR_2003,0,0,0,0,0,0,0
229,ADISRSA_1YR_2004,0,0,0,0,0,0,0
230,ADISRSA_1YR_2005,0,0,0,0,0,0,0
231,ADISRSA_1YR_2006,0,0,0,0,0,0,0
232,ADISRSA_1YR_2007,0,0,0,0,0,0,0
233,ADISRSA_1YR_2008,0,0,0,0,0,0,0
234,ADISRSA_3YR_1996,0,0,0,0,0,0,0
235,ADISRSA_3YR_1997,0,0,0,0,0,0,0
236,ADISRSA_3YR_1998,0,0,0,0,0,0,0
237,ADISRSA_3YR_1999,0,0,0,0,0,0,0
238,ADISRSA_3YR_2000,0,0,0,0,0,0,0
239,ADISRSA_3YR_2001,0,0,0,0,0,0,0
240,ADISRSA_3YR_2002,0,0,0,0,0,0,0
241,ADISRSA_3YR_2003,0,0,0,0,0,0,0
242,ADISRSA_3YR_2004,0,0,0,0,0,0,0
243,AOWNRCA_PRI,0,0,0,0,0,0,0
244,AOWNRCA_ODF,0,0,0,0,0,0,0
245,AOWNRCA_FED,0,0,0,0,0,0,0
246,AOWNRCA_URB,0,0,0,0,0,0,0
247,AOWNRCA_AGR,0,0,0,0,0,0,0
248,AOWNRSA_PRI,0,0,0,0,0,0,0
249,AOWNRSA_ODF,0,0,0,0,0,0,0
250,AOWNRSA_FED,0,0,0,0,0,0,0
251,AOWNRSA_URB,0,0,0,0,0,0,0
252,AOWNRSA_AGR,0,0,0,0,0,0,0
253,ATYPEF,0,0,0,0,0,0,0
254,ATYPEN,0,0,0,0,0,0,0
255,ADISRSA_3YR_2005,0,0,0,0,0,0,0
256,ADISRSA_3YR_2006,0,0,0,0,0,0,0
257,ADISRSA_3YR_2007,0,0,0,0,0,0,0
258,ADISRSA_3YR_2008,0,0,0,0,0,0,0
259,ADISRSA_10YR_1996,0,0,0,0,0,0,0
260,ADISRSA_10YR_1997,0,0,0,0,0,0,0
261,ADISRSA_10YR_1998,0,0,0,0,0,0,0
262,ADISRSA_10YR_1999,0,0,0,0,0,0,0
263,ADISRSA_10YR_2000,0,0,0,0,0,0,0
264,ADISRSA_10YR_2001,0,0,0,0,0,0,0
265,ADISRSA_10YR_2002,0,0,0,0,0,0,0
266,ADISRSA_10YR_2003,0,0,0,0,0,0,0
267,ADISRSA_10YR_2004,0,0,0,0,0,0,0
268,ADISRSA_10YR_2006,0,0,0,0,0,0,0
269,ADISRSA_10YR_2007,0,0,0,0,0,0,0
270,ADISRSA_10YR_2008,0,0,0,0,0,0,0
271,ADISRSA_10YR_2005,0,0,0,0,0,0,0
272,APOPRCA2010,0,1,1,1,1,1,1
273,NewSample,489,0,0,0,0,0,0
274,Ref_Samples,0,0,0,0,0,0,0
275,REF,0,0,0,0,0,0,0
276,REF_shubler,797,0,0,0,0,0,0
277,Bug_RefMay05,0,0,0,0,0,0,0
278,SVN2KEY,799,0,0,0,0,0,0
279,HabitatSampled,0,0,0,0,0,0,0
280,SamplingAgency,0,0,0,0,0,0,0
281,SamplingProtocol,10,0,0,0,0,0,0
282,Project_name,73,0,0,0,0,0,0
283,TS_May05,0,0,0,0,0,0,0
284,PREDATOR_Nov05_model,0,0,0,0,0,0,0
285,PREDATOR_Nov05_score,0,0,0,0,0,0,1
286,PREDATOR_Nov05_Condition,0,0,0,0,0,0,0
287,SITE_ID,625,0,0,0,0,0,0
288,Owner,625,0,0,0,0,0,0
289,Project.name,625,0,0,0,0,0,0
290,VISIT_NO,625,0,0,0,0,0,0
291,PHAB_COMM,797,0,0,0,0,0,0
292,SAMPLED,625,0,0,0,0,0,0
293,XDEPTH,647,0,0,1,1,1,1
294,SDDEPTH,647,0,0,1,1,1,1
295,SDWIDTH,743,0,0,1,1,1,1
296,XBKF_W,625,0,0,1,1,1,1
297,XWXD,647,0,0,1,1,1,1
298,XWD_RAT,647,0,0,1,1,1,1
299,SDWXD,648,0,0,1,1,1,1
300,XBKA,648,0,0,1,1,1,1
301,XUN,649,0,0,1,1,1,1
302,XBKF_H,648,0,0,1,1,1,1
303,XINC_H,658,0,0,1,1,1,1
304,SINU,716,0,0,1,1,1,1
305,LRBS_BW5,683,0,0,1,1,1,1
306,LDMB_BW5,683,0,0,1,1,1,1
307,LSUB_DMM,625,0,0,0,0,0,0
308,LTEST,648,0,0,0,0,0,0
309,LRBS_TST,648,0,0,0,0,0,0
310,LSUBD_SD,625,0,0,0,0,0,0
311,PCT_FN,625,0,0,1,0,0,0
312,PCT_SA,625,0,0,0,1,0,0
313,PCT_GF,743,0,0,0,0,0,0
314,PCT_GC,743,0,0,0,0,0,0
315,PCT_CB,743,0,0,0,0,0,0
316,PCT_SB,743,0,0,0,0,0,0
317,PCT_BL,799,0,0,0,0,0,0
318,PCT_XB,799,0,0,0,0,0,0
319,PCT_RS,743,0,0,0,0,0,0
320,PCT_RR,743,0,0,0,0,0,0
321,PCT_SAFN,625,0,0,0,0,1,0
322,PCT_SFGF,625,0,0,0,0,0,0
323,PCT_GCB,712,0,0,0,0,0,0
324,PCT_BIGR,625,0,0,0,0,0,0
325,PCT_BDRK,625,0,0,0,0,0,0
326,PCT_HP,625,0,0,0,0,0,0
327,PCT_RC,625,0,0,0,0,0,0
328,PCT_WD,743,0,0,0,0,0,0
329,PCT_OT,743,0,0,0,0,0,0
330,PCT_ORG,625,0,0,0,0,0,0
331,EX_SAFN,712,0,0,0,0,0,0
332,EX_FN,712,0,0,0,0,0,0
333,FIC,632,0,0,0,0,0,0
334,RBSIC,688,0,0,0,0,0,0
335,Sed_Impair.,712,0,0,0,0,0,0
336,Q,799,0,0,0,0,0,0
337,XPCM,646,0,0,1,1,1,1
338,XPCMG,646,0,0,1,1,1,1
339,XCL,646,0,0,1,1,1,1
340,XGB,646,0,0,1,1,1,1
341,XC,646,0,0,1,1,1,1
342,XG,681,0,0,1,1,1,1
343,XCMW,646,0,0,1,1,1,1
344,XCMGW,646,0,0,1,1,1,1
345,PCAN_C,625,0,0,1,1,1,1
346,XCDENBK,628,0,0,1,1,1,1
347,XCDENMID,628,0,0,1,1,1,1
348,XEMBED,648,0,0,1,1,1,1
349,XFC_ALG,646,0,0,1,1,1,1
350,XFC_AQM,646,0,0,1,1,1,1
351,XFC_LWD,646,0,0,1,1,1,1
352,XFC_BRS,646,0,0,1,1,1,1
353,XFC_OHV,646,0,0,1,1,1,1
354,XFC_UCB,646,0,0,1,1,1,1
355,XFC_RCK,646,0,0,1,1,1,1
356,XFC_HUM,646,0,0,1,1,1,1
357,XFC_ALL,646,0,0,1,1,1,1
358,XFC_NAT,646,0,0,1,1,1,1
359,XFC_BIG,646,0,0,1,1,1,1
360,W1_HALL,646,0,0,1,1,1,1
361,W1_HNOAG,646,0,0,1,1,1,1
362,W1_HAG,646,0,0,1,1,1,1
363,W1H_WALL,646,0,0,1,1,1,1
364,W1H_PIPE,646,0,0,1,1,1,1
365,RPGT75,661,0,0,1,1,1,1
366,RPGT100,661,0,0,1,1,1,1
367,RPMXDEP,683,0,0,1,1,1,1
368,RPXAREA,683,0,0,1,1,1,1
369,RP100,683,0,0,1,1,1,1
370,V1W_MSQ,625,1,0,1,1,1,1
371,V4W_MSQ,625,1,0,1,1,1,1
372,V1TM100,625,0,0,1,1,1,1
373,V4TM100,625,0,0,1,1,1,1
374,PCT_FA,680,0,0,1,1,1,1
375,PCT_FAST,680,0,0,1,1,1,1
376,PCT_SLOW,680,1,0,1,1,1,1
377,PCT_POOL,680,0,0,1,1,1,1
378,PCT_DRS,680,0,0,1,1,1,1
379,PCT_SIDE,626,0,0,1,1,1,1
380,XGRIDFN,643,0,0,0,0,0,0
381,VGRIDFN,679,0,0,0,0,0,0
382,datestr,0,0,0,0,0,0,0
383,days.f.origin,0,0,0,0,0,0,0
384,sum_60_days,0,1,1,1,1,1,1
385,sum_180_days,0,1,1,1,1,1,1
386,sum_365_days,0,1,1,1,1,1,1
387,sum_1095_days,0,1,1,1,1,1,1
388,X6month_count_60_days,0,1,1,1,1,1,1
389,X2year_count_60_days,0,1,1,1,1,1,1
390,X10year_count_60_days,0,1,1,1,1,1,1
391,X25year_count_60_days,0,1,1,1,1,1,1
392,X50year_count_60_days,0,1,1,1,1,1,1
393,X100year_count_60_days,0,1,1,1,1,1,1
394,X6month_count_180_days,0,1,1,1,1,1,1
395,X2year_count_180_days,0,1,1,1,1,1,1
396,X10year_count_180_days,0,1,1,1,1,1,1
397,X25year_count_180_days,0,1,1,1,1,1,1
398,X50year_count_180_days,0,1,1,1,1,1,1
399,X100year_count_180_days,0,1,1,1,1,1,1
400,X6month_count_365_days,0,1,1,1,1,1,1
401,X2year_count_365_days,0,1,1,1,1,1,1
402,X10year_count_365_days,0,1,1,1,1,1,1
403,X25year_count_365_days,0,1,1,1,1,1,1
404,X50year_count_365_days,0,1,1,1,1,1,1
405,X100year_count_365_days,0,1,1,1,1,1,1
406,X6month_count_1095_days,0,1,1,1,1,1,1
407,X2year_count_1095_days,0,1,1,1,1,1,1
408,X10year_count_1095_days,0,1,1,1,1,1,1
409,X25year_count_1095_days,0,1,1,1,1,1,1
410,X50year_count_1095_days,0,1,1,1,1,1,1
411,X100year_count_1095_days,0,1,1,1,1,1,1
412,days_since_X6month,0,0,0,0,0,0,0
413,days_since_X2year,0,0,0,0,0,0,0
414,days_since_X10year,0,0,0,0,0,0,0
415,days_since_X25year,0,0,0,0,0,0,0
416,days_since_X50year,0,0,0,0,0,0,0
417,days_since_X100year,0,0,0,0,0,0,0
418,PPT_1971_2000,0,0,0,0,0,0,0
419,PPT_1981_2010,0,1,1,1,1,1,1
420,Source,202,0,0,0,0,0,0
421,XSLOPE,712,0,0,0,0,0,0
422,CONFIDENCE,202,0,0,0,0,0,0
423,XSLOPE_MAP,0,1,1,1,1,1,1
424,MIN_Z,0,1,1,1,1,1,1
425,RchLenFin,202,0,0,0,0,0,0
426,XWIDTH_MAP,519,0,0,0,0,0,0
427,XWIDTH,510,0,0,0,0,0,0
428,MAX_Z,0,0,0,0,0,0,0
429,REACHLEN,538,0,0,0,0,0,0
430,Q0001A,7,1,1,1,1,1,1
431,STRMPWR,7,1,1,1,1,1,1
432,FSS_26Aug14,0,1,1,0,0,0,0
433,DATE,0,0,0,0,0,0,0
434,YEAR,0,1,1,1,1,1,1
435,MONTH,0,1,1,1,1,1,1
436,DISRCA_1YR,0,0,0,0,0,0,0
437,DISRCA_3YR,0,0,0,0,0,0,0
438,DISRCA_10YR,0,0,0,0,0,0,0
439,DISRSA_1YR,0,0,0,0,0,0,0
440,DISRSA_3YR,0,0,0,0,0,0,0
441,DISRSA_10YR,0,0,0,0,0,0,0
442,ADISRCA_1YR,0,0,0,0,0,0,0
443,ADISRCA_3YR,0,0,0,0,0,0,0
444,ADISRCA_10YR,0,0,0,0,0,0,0
445,ADISRSA_1YR,0,0,0,0,0,0,0
446,ADISRSA_3YR,0,0,0,0,0,0,0
447,ADISRSA_10YR,0,0,0,0,0,0,0
448,PLITHCOMPRCA,0,1,1,1,1,1,1
449,PLITHCOMPRSA,0,1,1,1,1,1,1
450,PLITHERODRCA,0,1,1,1,1,1,1
451,PLITHERODRSA,0,1,1,1,1,1,1
452,MKFACTRCA,0,1,1,1,1,1,1
453,PCLAYRCA,0,1,1,1,1,1,1
454,PSANDRCA,0,1,1,1,1,1,1
455,PSILT_CLAYRCA,0,1,1,1,1,1,1
456,PSILTRCA,0,1,1,1,1,1,1
457,PSUSCEP1_DE,0,0,0,0,0,0,0
458,PSUSCEP2_DE,0,0,0,0,0,0,0
459,PSUSCEP3_DE,0,0,0,0,0,0,0
460,PSUSCEP4_DE,0,1,1,1,1,1,1
461,PSUSCEP5_DE,0,1,1,1,1,1,1
462,PSUSCEP1_LI,311,0,0,0,0,0,0
463,PSUSCEP2_LI,311,0,0,0,0,0,0
464,PSUSCEP3_LI,311,0,0,0,0,0,0
465,PSUSCEP4_LI,311,1,1,1,1,1,1
466,PSUSCEP5_LI,311,1,1,1,1,1,1
467,DROADX,0,1,1,1,1,1,1
468,DROADLENRCAM,0,1,1,1,1,1,1
469,DROADLENRSAM,0,1,1,1,1,1,1
470,PDISRCA_1YR,0,1,1,1,1,1,1
471,PDISRCA_1YR_1996,0,0,0,0,0,0,0
472,PDISRCA_1YR_1997,0,0,0,0,0,0,0
473,PDISRCA_1YR_1998,0,0,0,0,0,0,0
474,PDISRCA_1YR_1999,0,0,0,0,0,0,0
475,PDISRCA_1YR_2000,0,0,0,0,0,0,0
476,PDISRCA_1YR_2001,0,0,0,0,0,0,0
477,PDISRCA_1YR_2002,0,0,0,0,0,0,0
478,PDISRCA_1YR_2003,0,0,0,0,0,0,0
479,PDISRCA_1YR_2004,0,0,0,0,0,0,0
480,PDISRCA_1YR_2005,0,0,0,0,0,0,0
481,PDISRCA_1YR_2006,0,0,0,0,0,0,0
482,PDISRCA_1YR_2007,0,0,0,0,0,0,0
483,PDISRCA_1YR_2008,0,0,0,0,0,0,0
484,PDISRCA_3YR,0,1,1,1,1,1,1
485,PDISRCA_3YR_1996,0,0,0,0,0,0,0
486,PDISRCA_3YR_1997,0,0,0,0,0,0,0
487,PDISRCA_3YR_1998,0,0,0,0,0,0,0
488,PDISRCA_3YR_1999,0,0,0,0,0,0,0
489,PDISRCA_3YR_2000,0,0,0,0,0,0,0
490,PDISRCA_3YR_2001,0,0,0,0,0,0,0
491,PDISRCA_3YR_2002,0,0,0,0,0,0,0
492,PDISRCA_3YR_2003,0,0,0,0,0,0,0
493,PDISRCA_3YR_2004,0,0,0,0,0,0,0
494,PDISRCA_3YR_2005,0,0,0,0,0,0,0
495,PDISRCA_3YR_2006,0,0,0,0,0,0,0
496,PDISRCA_3YR_2007,0,0,0,0,0,0,0
497,PDISRCA_3YR_2008,0,0,0,0,0,0,0
498,PDISRCA_10YR,0,1,1,1,1,1,1
499,PDISRCA_10YR_1996,0,0,0,0,0,0,0
500,PDISRCA_10YR_1997,0,0,0,0,0,0,0
501,PDISRCA_10YR_1998,0,0,0,0,0,0,0
502,PDISRCA_10YR_1999,0,0,0,0,0,0,0
503,PDISRCA_10YR_2000,0,0,0,0,0,0,0
504,PDISRCA_10YR_2001,0,0,0,0,0,0,0
505,PDISRCA_10YR_2002,0,0,0,0,0,0,0
506,PDISRCA_10YR_2003,0,0,0,0,0,0,0
507,PDISRCA_10YR_2004,0,0,0,0,0,0,0
508,PDISRCA_10YR_2005,0,0,0,0,0,0,0
509,PDISRCA_10YR_2006,0,0,0,0,0,0,0
510,PDISRCA_10YR_2007,0,0,0,0,0,0,0
511,PDISRCA_10YR_2008,0,0,0,0,0,0,0
512,PDISRSA_1YR,0,1,1,1,1,1,1
513,PDISRSA_1YR_1996,0,0,0,0,0,0,0
514,PDISRSA_1YR_1997,0,0,0,0,0,0,0
515,PDISRSA_1YR_1998,0,0,0,0,0,0,0
516,PDISRSA_1YR_1999,0,0,0,0,0,0,0
517,PDISRSA_1YR_2000,0,0,0,0,0,0,0
518,PDISRSA_1YR_2001,0,0,0,0,0,0,0
519,PDISRSA_1YR_2002,0,0,0,0,0,0,0
520,PDISRSA_1YR_2003,0,0,0,0,0,0,0
521,PDISRSA_1YR_2004,0,0,0,0,0,0,0
522,PDISRSA_1YR_2005,0,0,0,0,0,0,0
523,PDISRSA_1YR_2006,0,0,0,0,0,0,0
524,PDISRSA_1YR_2007,0,0,0,0,0,0,0
525,PDISRSA_1YR_2008,0,0,0,0,0,0,0
526,PDISRSA_3YR,0,1,1,1,1,1,1
527,PDISRSA_3YR_1996,0,0,0,0,0,0,0
528,PDISRSA_3YR_1997,0,0,0,0,0,0,0
529,PDISRSA_3YR_1998,0,0,0,0,0,0,0
530,PDISRSA_3YR_1999,0,0,0,0,0,0,0
531,PDISRSA_3YR_2000,0,0,0,0,0,0,0
532,PDISRSA_3YR_2001,0,0,0,0,0,0,0
533,PDISRSA_3YR_2002,0,0,0,0,0,0,0
534,PDISRSA_3YR_2003,0,0,0,0,0,0,0
535,PDISRSA_3YR_2004,0,0,0,0,0,0,0
536,PDISRSA_3YR_2005,0,0,0,0,0,0,0
537,PDISRSA_3YR_2006,0,0,0,0,0,0,0
538,PDISRSA_3YR_2007,0,0,0,0,0,0,0
539,PDISRSA_3YR_2008,0,0,0,0,0,0,0
540,PDISRSA_10YR,0,1,1,1,1,1,1
541,PDISRSA_10YR_1996,0,0,0,0,0,0,0
542,PDISRSA_10YR_1997,0,0,0,0,0,0,0
543,PDISRSA_10YR_1998,0,0,0,0,0,0,0
544,PDISRSA_10YR_1999,0,0,0,0,0,0,0
545,PDISRSA_10YR_2000,0,0,0,0,0,0,0
546,PDISRSA_10YR_2001,0,0,0,0,0,0,0
547,PDISRSA_10YR_2002,0,0,0,0,0,0,0
548,PDISRSA_10YR_2003,0,0,0,0,0,0,0
549,PDISRSA_10YR_2004,0,0,0,0,0,0,0
550,PDISRSA_10YR_2005,0,0,0,0,0,0,0
551,PDISRSA_10YR_2006,0,0,0,0,0,0,0
552,PDISRSA_10YR_2007,0,0,0,0,0,0,0
553,PDISRSA_10YR_2008,0,0,0,0,0,0,0
554,POWNRCA_PRI,0,1,1,1,1,1,1
555,POWNRCA_ODF,0,1,1,1,1,1,1
556,POWNRCA_FED,0,1,1,1,1,1,1
557,POWNRCA_URB,0,1,1,1,1,1,1
558,POWNRCA_AGR,0,1,1,1,1,1,1
559,POWNRSA_PRI,0,1,1,1,1,1,1
560,POWNRSA_ODF,0,1,1,1,1,1,1
561,POWNRSA_FED,0,1,1,1,1,1,1
562,POWNRSA_URB,0,1,1,1,1,1,1
563,POWNRSA_AGR,0,1,1,1,1,1,1
564,PATYPEF,0,1,1,1,1,1,1
565,PATYPEN,0,0,0,0,0,0,0
566,PALITHCOMPRCA,0,1,1,1,1,1,1
567,PALITHCOMPRSA,0,1,1,1,1,1,1
568,PALITHERODRCA,0,1,1,1,1,1,1
569,PALITHERODRSA,0,1,1,1,1,1,1
570,MAKFACTRCA,0,1,1,1,1,1,1
571,PACLAYRCA,0,1,1,1,1,1,1
572,PASANDRCA,0,1,1,1,1,1,1
573,PASILT_CLAYRCA,0,1,1,1,1,1,1
574,PASILTRCA,0,1,1,1,1,1,1
575,PASUSCEP1_DE,0,0,0,0,0,0,0
576,PASUSCEP2_DE,0,0,0,0,0,0,0
577,PASUSCEP3_DE,0,0,0,0,0,0,0
578,PASUSCEP4_DE,0,1,1,1,1,1,1
579,PASUSCEP5_DE,0,1,1,1,1,1,1
580,PASUSCEP1_LI,311,0,0,0,0,0,0
581,PASUSCEP2_LI,311,0,0,0,0,0,0
582,PASUSCEP3_LI,311,0,0,0,0,0,0
583,PASUSCEP4_LI,311,1,1,1,1,1,1
584,PASUSCEP5_LI,311,1,1,1,1,1,1
585,DAROADX,0,1,1,1,1,1,1
586,DAROADLENRCAM,0,1,1,1,1,1,1
587,DAROADLENRSAM,0,1,1,1,1,1,1
588,PADISRCA_1YR,0,1,1,1,1,1,1
589,PADISRCA_1YR_1996,0,0,0,0,0,0,0
590,PADISRCA_1YR_1997,0,0,0,0,0,0,0
591,PADISRCA_1YR_1998,0,0,0,0,0,0,0
592,PADISRCA_1YR_1999,0,0,0,0,0,0,0
593,PADISRCA_1YR_2000,0,0,0,0,0,0,0
594,PADISRCA_1YR_2001,0,0,0,0,0,0,0
595,PADISRCA_1YR_2002,0,0,0,0,0,0,0
596,PADISRCA_1YR_2003,0,0,0,0,0,0,0
597,PADISRCA_1YR_2004,0,0,0,0,0,0,0
598,PADISRCA_1YR_2005,0,0,0,0,0,0,0
599,PADISRCA_1YR_2006,0,0,0,0,0,0,0
600,PADISRCA_1YR_2007,0,0,0,0,0,0,0
601,PADISRCA_1YR_2008,0,0,0,0,0,0,0
602,PADISRCA_3YR,0,1,1,1,1,1,1
603,PADISRCA_3YR_1996,0,0,0,0,0,0,0
604,PADISRCA_3YR_1997,0,0,0,0,0,0,0
605,PADISRCA_3YR_1998,0,0,0,0,0,0,0
606,PADISRCA_3YR_1999,0,0,0,0,0,0,0
607,PADISRCA_3YR_2000,0,0,0,0,0,0,0
608,PADISRCA_3YR_2001,0,0,0,0,0,0,0
609,PADISRCA_3YR_2002,0,0,0,0,0,0,0
610,PADISRCA_3YR_2003,0,0,0,0,0,0,0
611,PADISRCA_3YR_2004,0,0,0,0,0,0,0
612,PADISRCA_3YR_2005,0,0,0,0,0,0,0
613,PADISRCA_3YR_2006,0,0,0,0,0,0,0
614,PADISRCA_3YR_2007,0,0,0,0,0,0,0
615,PADISRCA_3YR_2008,0,0,0,0,0,0,0
616,PADISRCA_10YR,0,1,1,1,1,1,1
617,PADISRCA_10YR_1996,0,0,0,0,0,0,0
618,PADISRCA_10YR_1997,0,0,0,0,0,0,0
619,PADISRCA_10YR_1998,0,0,0,0,0,0,0
620,PADISRCA_10YR_1999,0,0,0,0,0,0,0
621,PADISRCA_10YR_2000,0,0,0,0,0,0,0
622,PADISRCA_10YR_2001,0,0,0,0,0,0,0
623,PADISRCA_10YR_2002,0,0,0,0,0,0,0
624,PADISRCA_10YR_2003,0,0,0,0,0,0,0
625,PADISRCA_10YR_2004,0,0,0,0,0,0,0
626,PADISRCA_10YR_2005,0,0,0,0,0,0,0
627,PADISRCA_10YR_2006,0,0,0,0,0,0,0
628,PADISRCA_10YR_2007,0,0,0,0,0,0,0
629,PADISRCA_10YR_2008,0,0,0,0,0,0,0
630,PADISRSA_1YR,0,1,1,1,1,1,1
631,PADISRSA_1YR_1996,0,0,0,0,0,0,0
632,PADISRSA_1YR_1997,0,0,0,0,0,0,0
633,PADISRSA_1YR_1998,0,0,0,0,0,0,0
634,PADISRSA_1YR_1999,0,0,0,0,0,0,0
635,PADISRSA_1YR_2000,0,0,0,0,0,0,0
636,PADISRSA_1YR_2001,0,0,0,0,0,0,0
637,PADISRSA_1YR_2002,0,0,0,0,0,0,0
638,PADISRSA_1YR_2003,0,0,0,0,0,0,0
639,PADISRSA_1YR_2004,0,0,0,0,0,0,0
640,PADISRSA_1YR_2005,0,0,0,0,0,0,0
641,PADISRSA_1YR_2006,0,0,0,0,0,0,0
642,PADISRSA_1YR_2007,0,0,0,0,0,0,0
643,PADISRSA_1YR_2008,0,0,0,0,0,0,0
644,PADISRSA_3YR,0,1,1,1,1,1,1
645,PADISRSA_3YR_1996,0,0,0,0,0,0,0
646,PADISRSA_3YR_1997,0,0,0,0,0,0,0
647,PADISRSA_3YR_1998,0,0,0,0,0,0,0
648,PADISRSA_3YR_1999,0,0,0,0,0,0,0
649,PADISRSA_3YR_2000,0,0,0,0,0,0,0
650,PADISRSA_3YR_2001,0,0,0,0,0,0,0
651,PADISRSA_3YR_2002,0,0,0,0,0,0,0
652,PADISRSA_3YR_2003,0,0,0,0,0,0,0
653,PADISRSA_3YR_2004,0,0,0,0,0,0,0
654,PADISRSA_3YR_2005,0,0,0,0,0,0,0
655,PADISRSA_3YR_2006,0,0,0,0,0,0,0
656,PADISRSA_3YR_2007,0,0,0,0,0,0,0
657,PADISRSA_3YR_2008,0,0,0,0,0,0,0
658,PADISRSA_10YR,0,1,1,1,1,1,1
659,PADISRSA_10YR_1996,0,0,0,0,0,0,0
660,PADISRSA_10YR_1997,0,0,0,0,0,0,0
661,PADISRSA_10YR_1998,0,0,0,0,0,0,0
662,PADISRSA_10YR_1999,0,0,0,0,0,0,0
663,PADISRSA_10YR_2000,0,0,0,0,0,0,0
664,PADISRSA_10YR_2001,0,0,0,0,0,0,0
665,PADISRSA_10YR_2002,0,0,0,0,0,0,0
666,PADISRSA_10YR_2003,0,0,0,0,0,0,0
667,PADISRSA_10YR_2004,0,0,0,0,0,0,0
668,PADISRSA_10YR_2005,0,0,0,0,0,0,0
669,PADISRSA_10YR_2006,0,0,0,0,0,0,0
670,PADISRSA_10YR_2007,0,0,0,0,0,0,0
671,PADISRSA_10YR_2008,0,0,0,0,0,0,0
672,DAPOPRCA2010,0,1,1,1,1,1,1
673,PAOWNRCA_PRI,0,1,1,1,1,1,1
674,PAOWNRCA_ODF,0,1,1,1,1,1,1
675,PAOWNRCA_FED,0,1,1,1,1,1,1
676,PAOWNRCA_URB,0,1,1,1,1,1,1
677,PAOWNRCA_AGR,0,1,1,1,1,1,1
678,PAOWNRSA_PRI,0,1,1,1,1,1,1
679,PAOWNRSA_ODF,0,1,1,1,1,1,1
680,PAOWNRSA_FED,0,1,1,1,1,1,1
681,PAOWNRSA_URB,0,1,1,1,1,1,1
682,PAOWNRSA_AGR,0,1,1,1,1,1,1
683,PSLOPE80RCA,0,1,1,1,1,1,1
684,PSLOPE80XRSA,0,1,1,1,1,1,1
685,PASLOPE80RCA,0,1,1,1,1,1,1
686,PASLOPE80XRSA,0,1,1,1,1,1,1
687,PLFCVRCA,0,1,1,1,1,1,1
688,PLFCVRSA,0,1,1,1,1,1,1
689,PALFCVRCA,0,1,1,1,1,1,1
690,PALFCVRSA,0,1,1,1,1,1,1
691,PLFCXRCA,0,1,1,1,1,1,1
692,PLFCXRSA,0,1,1,1,1,1,1
693,PALFCXRCA,0,1,1,1,1,1,1
694,PALFCXRSA,0,1,1,1,1,1,1
695,PLFUNRCA,0,1,1,1,1,1,1
696,PLFUNRSA,0,1,1,1,1,1,1
697,PALFUNRCA,0,1,1,1,1,1,1
698,PALFUNRSA,0,1,1,1,1,1,1
